Latitude in degrees,Longitude in degrees,Frequency(MHz),EIRP
50.9471813,8.5329862,87.6,164000.0
53.5092894,10.0939323,87.6,131200.0
49.8323968,9.5927263,87.6,41000.0
49.6290332,7.8206451,87.6,820.0
49.6819278,7.327415,87.6,328.0
49.8626578,3.29930515,87.6,410.0
50.1106444,8.6820917,87.6,16400.0
48.9024242,8.7167771,87.6,820.0
50.9480609,6.94302742884538,87.6,492.0
51.7931158,12.9590741,87.6,1640.0
52.3751813,8.0277343,87.6,328.0
47.6929053,7.8744711,87.6,164.0
51.4333103,14.250083,87.6,524.8
47.5650635,9.6741405,87.6,164.0
54.3690547,12.7258585,87.6,656.0
52.39305745,9.79970848359439,87.6,164.0
53.3167,13.866575,87.6,328.0
48.6761586,10.1480412,87.6,16.4
47.5858138,10.6622258115915,87.6,164.0
52.8455492,13.2461296,87.6,656.0
51.0947288,14.6692423,87.6,820.0
50.0083449,8.2844378,87.7,1640.0
50.8194269,12.9140384,87.7,164000.0
47.6026258,8.4072782,87.7,4264.0
54.7919856,9.4769237,87.7,16400.0
51.9182037,10.4613486,87.7,820.0
50.05102615,10.2087307378679,87.7,164.0
51.35,6.61667,87.7,328.0
50.5566274,6.23621810669486,87.7,82.0
48.6365607,13.2736962,87.7,820.0
53.3670541,7.2058304,87.7,328.0
52.24559115,8.87847510719655,87.7,164.0
47.5900838,9.9286754,87.7,164.0
47.5134055,10.2721524,87.7,164.0
50.3309196,6.940674171,87.7,82.0
48.448482,12.355795,87.7,82.0
50.8959142,14.8064417,87.7,328.0
52.30488845,9.45998437753914,87.7,65.6
53.3726226,13.694259,87.7,2132.0
48.6273436,9.8342449,87.7,328.0
49.5083258,9.7881721,87.8,16400.0
49.48336525,8.49624198105207,87.8,1640.0
50.3625192,7.5783967,87.8,82.0
51.8271933,9.4387596,87.8,820.0
50.963605,6.1199802,87.8,820.0
53.5278793,8.106301,87.8,1640.0
52.6427382,11.8356124,87.8,1640.0
54.095791,13.3815238,87.8,1640.0
48.624521,10.243032,87.8,32.8
52.4359731,7.0707659,87.8,410.0
47.7496146,11.6120854,87.8,164.0
51.9863077,9.8247473,87.8,82.0
47.6911052,12.2631336,87.8,16.4
50.8511626,10.4665051,87.9,98400.0
49.8779578,7.898357,87.9,246.0
50.3688726,8.0125373,87.9,164.0
48.7557588,9.1901672,87.9,1640.0
54.1954359,9.2484438,87.9,24600.0
52.52082275,13.409420934251,87.9,1640.0
48.5103834,8.3707323,87.9,164.0
48.35941895,10.8858310920168,87.9,524.8
48.2880631,11.9158806,87.9,164.0
47.6766357,12.4703473,87.9,164.0
48.0117226,11.3486225,87.9,82.0
51.1813907,14.4275735,87.9,164.0
49.5469201,11.018639975039,87.9,16.4
49.1500864,8.016023,87.9,8200.0
47.796887,9.6276253,87.9,164.0
49.3407845,7.0176563,88.0,164000.0
50.7016885,7.0993079,88.0,82000.0
48.9457346,11.4361469,88.0,16400.0
50.1290323,11.8545456,88.0,8200.0
50.1290323,11.8545456,88.0,8200.0
51.1999793,11.9667857,88.0,1640.0
52.8545288,10.3533607,88.0,1640.0
53.5574458,13.2602781,88.0,1312.0
53.8636352,10.6778099329776,88.0,820.0
51.9027561,10.1721251,88.0,82.0
48.0711222,9.9512104,88.0,16.4
49.79245,9.932966,88.1,8200.0
50.7523545,9.268355,88.1,6560.0
51.90301875,12.5765278237645,88.1,49200.0
47.5650635,9.6741405,88.1,820.0
47.7238443,10.3150031774306,88.1,492.0
48.8868972,8.6553959,88.1,5248.0
48.2433959,10.3634009,88.1,164.0
54.9059163,8.3130412,88.1,328.0
50.6564031,13.345242,88.1,164.0
53.4752247,10.2052735,88.1,164.0
49.414757,10.3722405,88.2,41000.0
50.579627,8.4774126,88.2,820.0
50.8839999,8.0378628,88.2,820.0
54.1149634,12.1481031,88.2,262400.0
50.3408742,9.5259887,88.2,524.8
49.7594566,6.8817198,88.2,82.0
51.3346904,14.1095228058335,88.2,1640.0
50.0673092,8.2320076,88.2,820.0
47.7333633,12.890207,88.2,492.0
51.4111263,9.6640404,88.2,82.0
51.9182037,10.4613486,88.2,164.0
47.8803788,10.622246,88.2,328.0
51.7717757,7.444639,88.2,820.0
50.5087816,12.400153,88.2,656.0
52.4101109,10.7735234,88.2,164.0
49.7604879,8.6417871,88.2,82.0
53.5942039,7.2067435,88.2,410.0
47.4126177,10.2896726,88.2,16.4
48.305149,8.9932961,88.3,65600.0
53.1034842,8.7865535,88.3,164000.0
49.8260569,7.8328204,88.3,164.0
50.4191101,7.5849194,88.3,3280.0
50.2534129,10.9853872,88.3,8200.0
49.2406651,12.9207737,88.3,8200.0
49.4704113,8.4381568,88.3,164.0
51.1041377,7.6346646,88.3,164.0
53.1384884,11.2609279,88.3,1640.0
51.1096147,8.6201021,88.3,164.0
51.4456829,6.9916551,88.3,164.0
51.186867,10.0575056,88.3,410.0
51.5051574,10.7925317,88.3,164.0
51.016265,13.6530329,88.3,328.0
50.2393713,6.2873665,88.3,16.4
51.8070405,10.3364483,88.3,82.0
47.8701474,12.6423403,88.3,164.0
52.9243859,12.8092919,88.3,820.0
51.2435492,11.1987269,88.4,41000.0
51.1929899,12.2861919,88.4,164000.0
50.3688726,8.0125373,88.4,164.0
48.2242434,11.6715263,88.4,41000.0
49.750033,6.6601188,88.4,492.0
51.83399,6.6180889,88.4,1640.0
50.8681341,9.7068481,88.4,524.8
51.131196,9.2748504,88.4,164.0
49.2168522,7.5979469,88.4,524.8
52.482157,13.3551901,88.4,3280.0
49.123579,8.574394,88.4,1640.0
49.6554515,6.9481877,88.4,656.0
50.9532749,6.7294941,88.4,820.0
51.477438,9.1521973,88.4,820.0
54.36923785,10.1539485753881,88.4,32.8
48.00229565,7.84914013218877,88.4,
51.5634365,9.9811797,88.5,8200.0
54.10836,10.6676763,88.5,16400.0
48.7644535,8.2805337,88.5,1312.0
50.5758897,9.62098536487298,88.5,524.8
50.5197936,6.9952544,88.5,164.0
48.6177047,9.7811214,88.5,820.0
49.88531845,10.8628920487532,88.5,820.0
49.7093126,7.35635010035676,88.5,16.4
49.7195086,10.2762611,88.5,82.0
49.4903857,6.5941798,88.5,16.4
49.8780269,12.3372014,88.5,164.0
52.2662453,7.817143,88.5,820.0
54.8233691,9.4241777,88.5,328.0
53.808132,8.899715,88.5,4428.0
52.2116847,8.8132799,88.5,8200.0
50.0284182,8.0326446,88.6,820.0
49.4835543,6.37443742080403,88.6,8200.0
51.8271933,9.4387596,88.6,820.0
49.2531928,9.8477788,88.6,1640.0
49.9616823,9.7655121,88.6,82.0
50.299603,8.2673122,88.6,820.0
52.3212183,9.7454815,88.6,820.0
49.876354,6.8462387,88.6,65.6
50.9566022,11.0004781,88.6,820.0
49.9530436,7.1233159,88.7,524.8
53.5092894,10.0939323,88.7,4920.0
51.8346801,12.2468705,88.7,1640.0
51.3756186,10.138224,88.7,164.0
49.8285462,10.595952,88.7,82.0
53.8950082,11.4385506,88.7,328.0
51.3323702,13.3382965,88.7,8200.0
50.9591106,11.3456962,88.7,103320.0
49.403725,8.72843327103175,88.8,164000.0
48.746807,6.8605468,88.8,164000.0
52.5064317,13.2285653,88.8,131200.0
50.9494849,10.7014435,88.8,164.0
51.4997017,9.37991353182096,88.8,328.0
27.7495185,128.901423376991,88.8,820.0
51.2641978,10.5270994,88.8,32.8
54.3294634,8.7795106,88.8,246.0
49.8323968,9.5927263,88.9,41000.0
54.1149634,12.1481031,88.9,8200.0
50.8681341,9.7068481,88.9,524.8
48.5751096,7.79606,88.9,1640.0
50.8006617,12.9572792,88.9,1640.0
51.9944958,8.9326027,88.9,524.8
52.5417141,7.351461,88.9,524.8
51.5581272,13.0046538,88.9,820.0
50.2312823,7.5885884,88.9,164.0
54.18004525,7.8853621011807,88.9,82.0
51.7991251,10.6156365,89.0,98400.0
49.844711,7.85472807364812,89.0,164.0
47.9358425,8.8267371,89.0,8200.0
51.0297603,7.8424193,89.0,820.0
53.5736426,7.9020696,89.0,820.0
48.6047533,8.6601529,89.0,164.0
51.4333103,14.250083,89.0,820.0
47.8586274,11.1530505402558,89.0,164.0
54.0536473,13.7757809,89.0,656.0
48.6300801,12.4977434,89.0,164.0
47.4429543,11.2655684,89.0,16.4
50.6631054,7.1529503,89.1,8200.0
50.5203183,6.8328257,89.1,8200.0
49.110529,9.2489832,89.1,820.0
47.0985256,9.2114138,89.1,82.0
51.297984,13.1082637,89.1,410.0
47.5813782,10.5579673,89.1,82.0
53.563139,9.97581251577813,89.1,164.0
54.9059163,8.3130412,89.1,1640.0
51.1464245,8.2504655,89.1,328.0
47.6410174,11.7442455,89.1,164.0
48.3862619,9.9625658,89.2,16400.0
47.4489135,7.51876,89.2,13776.0
53.6288297,11.4148038,89.2,49200.0
51.0382067,13.8314672,89.2,3280.0
50.2534129,10.9853872,89.2,820.0
48.8703837,8.6836634,89.2,164.0
48.441813,8.6889737,89.2,164.0
51.6272545,9.2928461,89.2,82.0
53.1193496,13.5005559,89.2,1640.0
50.8427835,12.4581578,89.2,164.0
49.4389622,6.61634204011046,89.3,164.0
51.90301875,12.5765278237645,89.3,1640.0
53.5218143,8.64920230605346,89.3,41000.0
47.4118318,10.2781005,89.3,164.0
48.35941895,10.8858310920168,89.3,164.0
54.3096314,13.0820846,89.3,410.0
48.4680111,9.4433583,89.3,41000.0
47.6307002,13.0417664,89.3,164.0
51.4716282,7.1401155,89.3,524.8
50.7087734,12.7762607,89.3,164.0
52.8358565,11.6861681,89.4,16400.0
51.4048708,7.4386269,89.4,524.8
49.3021387,10.5721468,89.4,820.0
52.4392683,9.216324,89.4,820.0
49.7562556,6.6133216,89.4,164.0
51.70752095,8.77240397285898,89.4,52480.0
51.0491637,12.1349991,89.4,820.0
53.9221033,13.3374416,89.4,328.0
49.3559425,11.1441047,89.5,164000.0
48.7636186,9.2057579,89.5,16400.0
53.5092894,10.0939323,89.5,16400.0
49.6819278,7.327415,89.5,328.0
49.7612124,9.52439300337165,89.5,164.0
53.5574458,13.2602781,89.5,1640.0
53.0898943,7.3869777,89.5,820.0
51.4617032,13.5207619,89.5,820.0
49.8892749,11.0620218,89.6,41000.0
47.758716,7.5063314,89.6,1640.0
52.52082275,13.409420934251,89.6,32800.0
54.7919856,9.4769237,89.6,41000.0
42.6073975,25.4856617,89.6,1640.0
49.5042567,8.4602904,89.6,164.0
49.5042567,8.4602904,89.6,164.0
50.311883,12.3292151,89.6,1640.0
54.1127844,13.0429152,89.6,328.0
50.4899196,11.3498651,89.6,82.0
51.0008938,14.2246375791373,89.6,328.0
48.4121233,9.7847091,89.6,3280.0
49.8260569,7.8328204,89.7,164.0
48.9900921,12.0666402,89.7,492.0
53.0833678,11.0732294,89.7,820.0
51.4333103,14.250083,89.7,820.0
48.5812033,10.4889038,89.7,164.0
50.1483669,9.6509683,89.7,16.4
54.1149634,12.1481031,89.7,524.8
48.4513352,13.1931047,89.7,492.0
50.9591106,11.3456962,89.7,820.0
50.6504841,7.9523942,89.8,41000.0
50.8194269,12.9140384,89.8,164000.0
47.8745198,8.0039031,89.8,8200.0
50.2159364,9.4259908,89.8,524.8
53.1034842,8.7865535,89.8,1640.0
53.9070019,13.0327836,89.8,1640.0
46.0634632,13.2358377,89.8,164.0
49.4701503,10.0325388,89.8,16.4
47.4429543,11.2655684,89.8,16.4
48.9700842,13.1262631,89.8,16.4
54.9059163,8.3130412,89.8,820.0
54.18004525,7.8853621011807,89.8,262.4
49.3762772,8.1219094,89.9,41000.0
51.800118,10.537097,89.9,164000.0
49.4300713,11.8466325,89.9,410.0
51.053862,11.7105213,89.9,328.0
47.6766357,12.4703473,89.9,164.0
50.3352682,8.7539306,89.9,524.8
48.850934,12.9424056,89.9,164.0
48.624521,10.243032,89.9,32.8
48.2650708,10.4445686,89.9,13120.0
49.8311572,7.0854579,90.0,82000.0
53.4695604,7.4823808,90.0,41000.0
48.2242434,11.6715263,90.0,41000.0
50.5621076,8.4825957,90.0,82.0
51.4468087,7.2674943,90.0,492.0
48.3583825,9.9641117,90.0,524.8
51.8346801,12.2468705,90.0,492.0
50.2397846,11.3277669,90.0,164.0
51.1464245,8.2504655,90.0,164.0
51.4865851,6.97166618055483,90.0,
48.7557588,9.1901672,90.1,164000.0
51.0382067,13.8314672,90.1,164000.0
42.6073975,25.4856617,90.1,1640.0
50.0673092,8.2320076,90.1,524.8
51.7730041,6.1127516,90.1,1640.0
52.7955816,11.3870503,90.1,3280.0
50.8204127,8.80547493488252,90.1,164.0
52.24559115,8.87847510719655,90.1,164.0
48.35941895,10.8858310920168,90.1,164.0
48.261054,14.5340214,90.1,82.0
53.6288297,11.4148038,90.1,1312.0
50.8511626,10.4665051,90.2,164000.0
52.5417141,7.351461,90.2,41000.0
50.3978436,8.0386225,90.2,328.0
52.52082275,13.409420934251,90.2,26240.0
49.7016019,8.6132493,90.2,328.0
47.7102932,7.5329468,90.2,1640.0
47.7833994,11.8511949,90.2,164.0
54.1149634,12.1481031,90.2,164.0
48.5549274,12.1080947,90.2,410.0
47.5813782,10.5579673,90.2,32.8
48.8556024,13.7345252,90.2,16.4
53.20801815,12.7489535395924,90.2,
51.0422201,7.4726832,90.3,57400.0
53.5092894,10.0939323,90.3,131200.0
50.05575125,8.08935315370493,90.3,328.0
49.53208295,8.14498152315022,90.3,164.0
49.4669906,7.1696192,90.3,164.0
51.5714513,14.3804302,90.3,820.0
48.6503574,7.7003567,90.3,8200.0
49.6852267,11.2471772,90.3,82.0
48.0514973,10.8737728,90.3,82.0
49.7451275,9.2988924,90.3,16.4
54.9059163,8.3130412,90.3,328.0
47.8541669,12.3455493,90.3,32.8
51.1929899,12.2861919,90.4,164000.0
47.9358425,8.8267371,90.4,65600.0
49.7861037,7.4584035,90.4,16.4
49.5819105,10.6077372,90.4,328.0
51.9027561,10.1721251,90.4,328.0
50.2534129,10.9853872,90.4,328.0
53.2039515,8.2453397,90.4,820.0
52.4101109,10.7735234,90.4,164.0
51.9503235,14.7153567,90.4,492.0
48.6047533,8.6601529,90.4,16.4
48.9457346,11.4361469,90.5,41000.0
53.486634,13.60925,90.5,164000.0
50.2312823,7.5885884,90.5,164.0
48.6185918,8.0839286,90.5,3280.0
52.4976362,12.0257528,90.5,1640.0
50.1985698,10.0746833,90.5,164.0
51.3756186,10.138224,90.5,164.0
48.68466725,10.1668788379723,90.5,164.0
51.35,6.61667,90.5,164.0
52.2304192,10.475462543086,90.5,164.0
50.3877146,8.04693774218146,90.7,328.0
53.5218143,8.64920230605346,90.7,328.0
51.3666041,10.8668419,90.7,328.0
51.2737192,8.0493641,90.8,41000.0
48.7557588,9.1901672,90.8,8200.0
50.078372,9.10975,90.8,328.0
51.8344172,10.7862526,90.8,1640.0
50.5917247,12.6985894,90.8,1640.0
51.5380394,7.219985,90.8,164.0
48.2769011,8.0871643,90.8,164.0
49.1887934,12.5224323,90.8,524.8
51.0676201,9.9354246,90.8,82.0
51.3666444,7.610424,90.8,52480.0
50.9494849,10.7014435,90.8,103320.0
52.7873874,13.3834451756387,90.8,2132.0
51.5123672,10.2610699,90.8,492.0
49.844711,7.85472807364812,90.9,82.0
52.3212183,9.7454815,90.9,24600.0
48.7644535,8.2805337,90.9,1312.0
54.8721377,8.4337685,90.9,8200.0
50.7361377,12.3763847,90.9,524.8
50.9747134,10.3193565,90.9,328.0
52.7508589,12.3410614,90.9,1312.0
48.35941895,10.8858310920168,90.9,164.0
51.2383379,12.7287511,90.9,410.0
-37.7382431,145.0433922,90.9,164.0
50.9471813,8.5329862,91.0,164000.0
50.8006617,12.9572792,91.0,4920.0
54.1149634,12.1481031,91.0,164000.0
49.2027254,7.9682264,91.0,49.2
52.147275,7.3295686,91.0,328.0
51.3829641,10.4131852,91.0,328.0
54.7919856,9.4769237,91.0,984.0
51.7241176,11.1385722,91.0,164.0
47.6766357,12.4703473,91.0,164.0
53.7834392,7.93421060740297,91.0,131.2
49.68239005,9.03407290222418,91.0,328.0
49.1052677,6.4793632,91.1,524.8
48.8362705,10.0931765,91.1,82000.0
53.0495213,8.4497212,91.1,164000.0
53.2110052,14.2085984,91.1,32800.0
49.53208295,8.14498152315022,91.1,164.0
48.0319145,8.4713168,91.1,1640.0
52.0350576,11.6616226,91.1,3280.0
51.3424772,9.8578217,91.1,524.8
48.0167693,7.8022723,91.1,820.0
48.9900921,12.0666402,91.1,492.0
51.5581272,13.0046538,91.1,328.0
50.9166767,12.047522,91.1,1640.0
50.1483669,9.6509683,91.1,16.4
49.8914619,8.6135779,91.1,410.0
51.0435315,13.6377166,91.1,1640.0
42.1011456,1.8454758,91.1,787.2
51.9863077,9.8247473,91.1,82.0
51.7703723,8.7137798,91.2,164.0
47.7569807,9.7120269,91.2,41000.0
53.0833678,11.0732294,91.2,41000.0
47.023994,12.8352658,91.2,32800.0
50.7934416,7.20694166420455,91.2,328.0
51.0227878,11.5129742,91.2,1640.0
51.49662485,7.47658955855034,91.2,328.0
50.100086,8.6845174,91.2,164.0
49.7016019,8.6132493,91.2,98.4
51.6272545,9.2928461,91.2,82.0
52.11102,8.1615281,91.2,164.0
49.7410617,9.383644,91.2,16.4
49.123579,8.574394,91.2,164.0
50.5788781,13.0106108,91.2,328.0
51.3145906,7.7230609,91.3,82000.0
54.3326908,10.0678745,91.3,24600.0
50.6504841,7.9523942,91.3,328.0
48.2242434,11.6715263,91.3,41000.0
51.3060106,12.4614203,91.3,6560.0
49.1686211,9.2014749,91.3,164.0
53.5942039,7.2067435,91.3,410.0
48.6615456,9.4569029,91.3,164.0
51.9092199,8.7382015,91.3,82.0
50.8582666,11.7263639,91.3,328.0
51.4957085,13.7605753,91.3,1640.0
48.9700842,13.1262631,91.3,16.4
50.0083449,8.2844378,91.4,1640.0
52.52082275,13.409420934251,91.4,164000.0
48.9024242,8.7167771,91.4,820.0
50.9520997,6.64690684212472,91.4,164.0
50.65079395,12.4271528217271,91.4,1640.0
53.3978521,9.8600688,91.4,492.0
47.4429543,11.2655684,91.4,82.0
51.0565934,13.2980726,91.4,328.0
51.7991251,10.6156365,91.5,164000.0
49.4833173,8.484585,91.5,6560.0
47.8414754,12.6554368,91.5,8200.0
51.2990263,7.6734841,91.5,164.0
51.4007175,7.1862486,91.5,164.0
53.20509275,7.45946396249222,91.5,820.0
50.4118935,12.1568975,91.5,164.0
48.3825958,9.8984907,91.5,1640.0
54.18004525,7.8853621011807,91.5,82.0
50.2406477,7.5141558,91.6,65600.0
49.2406651,12.9207737,91.6,82000.0
51.2511558,8.8262818,91.6,820.0
49.9740542,9.1493636,91.6,164.0
53.2110052,14.2085984,91.6,2132.0
50.529939,12.8345393,91.6,328.0
51.2383379,12.7287511,91.6,164.0
48.776778,9.5556325,91.6,32.8
52.5092543,7.2881111,91.6,656.0
49.7451275,9.2988924,91.6,16.4
53.1492896,12.1761903,91.7,16400.0
49.7562556,6.6133216,91.7,492.0
48.7526525,8.2022485,91.7,820.0
52.1609772,8.8682777,91.7,164.0
48.6373832,13.6510105,91.7,328.0
49.77962345,9.67629344169475,91.7,164.0
50.7469606,13.0695613,91.7,410.0
50.2556672,8.6511395,91.7,1230.0
53.563139,9.97581251577813,91.7,246.0
51.6565219,10.3428415,91.7,164.0
51.3038241,13.308828,91.7,1640.0
54.3294634,8.7795106,91.7,820.0
48.305149,8.9932961,91.8,65600.0
46.6071072,12.8824472,91.8,16400.0
48.6645827,11.9639032,91.8,328.0
52.8351496,13.7997011,91.8,2132.0
53.9070019,13.0327836,91.8,328.0
51.0491637,12.1349991,91.8,1640.0
51.477438,9.1521973,91.8,820.0
50.800473,12.7069527,91.8,52480.0
52.7873874,13.3834451756387,91.8,2132.0
47.6266365,8.2369359,91.8,820.0
51.3145906,7.7230609,91.9,32800.0
49.4835543,6.37443742080403,91.9,8200.0
52.1405622,12.5865873,91.9,49200.0
50.5566274,6.23621810669486,91.9,82.0
49.6252945,7.9146758,92.0,98400.0
47.5650635,9.6741405,92.0,820.0
50.9997078,6.7938679,92.0,82.0
51.4586736,12.6344389,92.0,328.0
47.4118318,10.2781005,92.0,164.0
47.8646925,11.479351,92.0,164.0
47.8134583,10.8967857,92.0,82.0
54.4853638,9.0538156,92.0,164.0
51.800118,10.537097,92.1,164000.0
48.8170156,13.2167342,92.1,164000.0
50.5197936,6.9952544,92.1,492.0
50.3352682,8.7539306,92.1,524.8
49.4389622,6.61634204011046,92.1,164.0
48.0184072,7.820308,92.1,328.0
53.5218143,8.64920230605346,92.1,41000.0
54.3096314,13.0820846,92.1,656.0
51.9503235,14.7153567,92.1,1640.0
50.3978436,8.0386225,92.1,328.0
50.6170504,10.685774,92.1,164.0
47.5538309,10.0206483,92.1,82.0
54.8233691,9.4241777,92.1,262.4
48.7557588,9.1901672,92.2,164000.0
51.0382067,13.8314672,92.2,164000.0
51.9944958,8.9326027,92.2,524.8
51.1847707,7.2119644,92.2,164.0
48.35941895,10.8858310920168,92.2,328.0
50.3283477,11.1226908,92.2,82.0
50.1483669,9.6509683,92.2,16.4
47.9892386,10.2354093353151,92.2,82.0
47.5858442,11.102169,92.2,164.0
50.4899196,11.3498651,92.2,82.0
54.1948456,9.0929015,92.2,164.0
49.1052677,6.4793632,92.3,524.8
50.5203183,6.8328257,92.3,8200.0
49.8323968,9.5927263,92.3,41000.0
53.5092894,10.0939323,92.3,8200.0
51.1525648,11.8099186,92.3,1640.0
49.74207845,6.69099345973367,92.3,82.0
53.0762716,11.8627933,92.3,1640.0
53.9394279,14.1881469,92.3,1640.0
47.5528548,7.6737981,92.3,82.0
47.5813782,10.5579673,92.3,82.0
52.5064317,13.2285653,92.4,131200.0
49.844711,7.85472807364812,92.4,82.0
47.9358425,8.8267371,92.4,65600.0
49.3297989,8.57629996321377,92.4,820.0
50.5590505,11.8040013,92.4,328.0
49.7410617,9.383644,92.4,16.4
51.4586736,12.6344389,92.4,328.0
50.61839705,12.2705939328038,92.4,328.0
54.1149634,12.1481031,92.4,164.0
47.4429543,11.2655684,92.4,16.4
54.51851,9.5653284,92.4,1640.0
50.8511626,10.4665051,92.5,164000.0
50.0673092,8.2320076,92.5,164.0
51.39490575,7.72333245488473,92.5,1640.0
49.4596462,7.7707037,92.5,410.0
51.7559549,11.462134,92.5,1640.0
53.0898943,7.3869777,92.5,820.0
53.9070019,13.0327836,92.5,1640.0
53.1034842,8.7865535,92.5,328.0
48.7806048,8.5651071,92.5,16.4
49.4701503,10.0325388,92.5,16.4
47.6410174,11.7442455,92.5,164.0
54.18004525,7.8853621011807,92.5,82.0
48.3862619,9.9625658,92.6,16400.0
47.4489135,7.51876,92.6,13776.0
49.4389622,6.61634204011046,92.6,820.0
51.8444362,7.8273931,92.6,1640.0
51.8346801,12.2468705,92.6,3280.0
51.1674417,6.9307271,92.6,820.0
52.3212183,9.7454815,92.6,4100.0
50.0425964,7.1391456,92.6,16.4
49.6660102,10.0650833,92.6,82.0
47.6737001,12.0148837,92.6,164.0
48.5430079,11.4322533,92.6,820.0
48.8964134,8.4387379,92.7,82000.0
48.441813,8.6889737,92.7,1640.0
53.4695604,7.4823808,92.7,2624.0
54.8721377,8.4337685,92.7,8200.0
51.8271933,9.4387596,92.7,820.0
49.2406651,12.9207737,92.7,656.0
48.1985976,12.2874971,92.7,492.0
52.24559115,8.87847510719655,92.7,164.0
49.9657002,11.6448227,92.7,164.0
53.3167,13.866575,92.7,820.0
53.9250316,9.5155854,92.7,820.0
51.4048708,7.4386269,92.7,820.0
51.8508333,10.3833333,92.7,164.0
50.6504841,7.9523942,92.8,41000.0
50.8194269,12.9140384,92.8,164000.0
52.5417141,7.351461,92.8,24600.0
53.6288297,11.4148038,92.8,52480.0
47.6026258,8.4072782,92.8,4264.0
50.2534129,10.9853872,92.8,492.0
51.2816524,8.8982774,92.8,164.0
47.4126177,10.2896726,92.8,16.4
53.5218143,8.64920230605346,92.8,82.0
52.767482,9.59293220489456,92.8,1640.0
48.8015045,8.6355573,92.9,8200.0
49.7339751,10.161216,92.9,1640.0
53.0495213,8.4497212,92.9,1640.0
54.3046701,9.6645115,92.9,820.0
50.6209309,8.9047456,92.9,328.0
50.9068693,11.4465339,92.9,16.4
51.9863077,9.8247473,92.9,82.0
49.8311572,7.0854579,93.0,82000.0
52.2176245,10.7817749282226,93.0,65600.0
49.0407283,12.1771417,93.0,41000.0
52.0761541,7.004876,93.0,820.0
51.4333103,14.250083,93.0,1640.0
53.563139,9.97581251577813,93.0,328.0
51.5581272,13.0046538,93.0,328.0
48.0711431,11.8878323,93.0,1033.2
47.55911,10.2137986,93.0,164.0
50.6867695,10.9142385,93.0,164.0
49.8914619,8.6135779,93.0,328.0
47.5813782,10.5579673,93.0,32.8
48.8556024,13.7345252,93.0,16.4
54.3096314,13.0820846,93.0,213.2
50.7016885,7.0993079,93.1,82000.0
52.5064317,13.2285653,93.1,41000.0
50.0730168,8.25505589675038,93.1,164.0
48.1748367,8.5736636,93.1,1640.0
49.1503044,9.2865471,93.1,246.0
51.1525648,11.8099186,93.1,820.0
47.6766357,12.4703473,93.1,164.0
48.2030339,13.0991177,93.1,164.0
47.5858442,11.102169,93.1,164.0
50.4899196,11.3498651,93.1,82.0
51.9063058,8.81941575523258,93.2,164000.0
49.48336525,8.49624198105207,93.2,1640.0
54.7919856,9.4769237,93.2,41000.0
51.7930788,11.7391606,93.2,1640.0
51.0382067,13.8314672,93.2,1640.0
48.6047533,8.6601529,93.2,164.0
54.0536473,13.7757809,93.2,492.0
52.4063738,12.1561742,93.2,164.0
50.2212764,8.269554,93.2,820.0
48.5549274,12.1080947,93.2,410.0
50.4258722,11.6088156,93.2,1640.0
53.0833678,11.0732294,93.3,16400.0
51.7821908,6.1089577,93.3,3280.0
50.5197936,6.9952544,93.3,164.0
49.7861037,7.4584035,93.3,16.4
50.8204127,8.80547493488252,93.3,82.0
51.2383379,12.7287511,93.3,410.0
49.8102825,11.4397404,93.3,164.0
50.7783814,12.0763533,93.3,328.0
53.0586366,14.2840858,93.3,820.0
49.279624,11.4594662,93.3,82.0
52.6959802,7.2980648,93.3,82.0
51.2435492,11.1987269,93.4,41000.0
50.3688726,8.0125373,93.4,164.0
53.3670541,7.2058304,93.4,1640.0
50.7087734,12.7762607,93.4,1640.0
48.35941895,10.8858310920168,93.4,524.8
53.563139,9.97581251577813,93.4,2624.0
50.169121,12.1297769,93.4,164.0
52.3024786,7.1605921,93.4,82.0
48.9700842,13.1262631,93.4,16.4
54.18004525,7.8853621011807,93.4,82.0
48.6057023,8.2021233,93.5,131200.0
51.0422201,7.4726832,93.5,57400.0
49.844711,7.85472807364812,93.5,82.0
50.2534129,10.9853872,93.5,8200.0
52.0404907,8.4158566,93.5,8200.0
54.1149634,12.1481031,93.5,65600.0
50.9747134,10.3193565,93.5,328.0
50.1323761,5.7886928,93.5,410.0
52.8828906,7.8374469,93.5,2624.0
47.5813782,10.5579673,93.5,82.0
50.5342618,12.1165689,93.5,1640.0
50.9948584,9.7269936,93.5,82.0
52.52082275,13.409420934251,93.6,3936.0
51.3756186,10.138224,93.6,164.0
54.3046701,9.6645115,93.6,820.0
49.5978157,11.0038064,93.6,164.0
49.9003568,10.3487749,93.6,82.0
47.5134055,10.2721524,93.6,164.0
50.88221815,12.0506835032063,93.6,524.8
53.808132,8.899715,93.6,4428.0
49.6841633,12.4623875,93.6,82.0
48.624521,10.243032,93.6,32.8
51.7264388,10.6100516,93.6,32.8
51.9863077,9.8247473,93.6,82.0
50.0083449,8.2844378,93.7,1640.0
49.3559425,11.1441047,93.7,164000.0
51.7146123,8.7376311,93.7,164.0
50.389864,12.5031709,93.7,328.0
50.1004326,11.4697956,93.7,164.0
51.9182037,10.4613486,93.7,164.0
51.5051574,10.7925317,93.7,131.2
53.0744334,8.8095044,93.7,328.0
52.1034189,9.3576589,93.7,82.0
50.4842311,11.3895014,93.7,32.8
53.5053677,13.9889049,93.7,4100.0
53.8950082,11.4385506,93.7,164.0
54.4853638,9.0538156,93.7,82.0
53.4752247,10.2052735,93.7,41000.0
48.7503918,7.1965445,93.8,164000.0
53.1034842,8.7865535,93.8,164000.0
49.4026031,6.6311822,93.8,8200.0
47.8745198,8.0039031,93.8,8200.0
50.8681341,9.7068481,93.8,524.8
48.28603445,8.03193288780224,93.8,164.0
51.1464245,8.2504655,93.8,164.0
54.095791,13.3815238,93.8,820.0
52.4101109,10.7735234,93.8,164.0
51.2737192,8.0493641,93.9,41000.0
50.7702908,6.2295504,93.9,32800.0
51.1929899,12.2861919,93.9,164000.0
50.8125952,8.78926831173522,93.9,1640.0
48.0464164,10.4882504,93.9,492.0
48.6237725,13.2253003,93.9,492.0
51.270139,14.0948628,93.9,1640.0
52.24559115,8.87847510719655,93.9,82.0
50.2406477,7.5141558,94.0,65600.0
49.6302618,8.3620898,94.0,1640.0
50.3352682,8.7539306,94.0,524.8
49.1658213,11.6261042,94.0,1640.0
49.68239005,9.03407290222418,94.0,164.0
47.5650635,9.6741405,94.0,820.0
53.0833678,11.0732294,94.0,1640.0
53.4592,7.45669,94.0,1640.0
50.812318,10.2320784,94.0,164.0
50.3378069,11.9441119,94.0,328.0
53.9394279,14.1881469,94.0,1640.0
51.2816524,8.8982774,94.0,328.0
48.68466725,10.1668788379723,94.0,164.0
52.39305745,9.79970848359439,94.0,164.0
48.4585555,11.1283627,94.0,32.8
48.6057023,8.2021233,94.0,1033.2
50.9494849,10.7014435,94.0,164.0
48.757316,7.6418687,94.1,524.8
48.88460625,9.17644495,94.1,820.0
52.2277037,11.0104702,94.1,820.0
53.808132,8.899715,94.1,1640.0
51.8346801,12.2468705,94.1,492.0
48.8577633,10.3523096,94.1,164.0
54.3294634,8.7795106,94.1,820.0
50.7523545,9.268355,94.1,82.0
50.8774674,7.9983623,94.2,164.0
50.5566274,6.23621810669486,94.2,82.0
51.4333103,14.250083,94.2,1640.0
53.5092894,10.0939323,94.2,1640.0
53.486634,13.60925,94.2,10332.0
53.1492896,12.1761903,94.2,820.0
48.305149,8.9932961,94.3,65600.0
52.52082275,13.409420934251,94.3,41000.0
49.750033,6.6601188,94.3,328.0
49.4513351,10.3229575,94.3,524.8
51.1712468,7.0838996,94.3,328.0
54.8721377,8.4337685,94.3,8200.0
50.8959142,14.8064417,94.3,524.8
54.105858,11.9026057,94.3,328.0
54.0287383,19.0393963853836,94.3,164.0
48.7806048,8.5651071,94.3,164.0
50.88221815,12.0506835032063,94.3,328.0
51.477438,9.1521973,94.3,820.0
51.9314091,8.5522383,94.3,8200.0
52.0031035,8.5216345,94.3,4920.0
53.0495213,8.4497212,94.4,164000.0
48.8170156,13.2167342,94.4,164000.0
53.0762716,11.8627933,94.4,2132.0
50.946155,11.1152431,94.4,3280.0
53.7943172,12.6918642,94.4,1640.0
51.3789472,12.3029456,94.4,410.0
51.3789472,12.3029456,94.4,410.0
48.3862619,9.9625658,94.5,16400.0
54.3326908,10.0678745,94.5,24600.0
51.7146123,8.7376311,94.5,328.0
48.2769011,8.0871643,94.5,164.0
51.6565219,10.3428415,94.5,524.8
50.1985698,10.0746833,94.5,492.0
47.659216,9.1750718,94.5,328.0
50.9346533,14.6092022,94.5,393.6
51.7233612,14.3455705,94.5,492.0
51.7991251,10.6156365,94.6,98400.0
49.5625034,8.7069344,94.6,164.0
49.4833173,8.484585,94.6,164.0
50.2393713,6.2873665,94.6,164.0
48.5613407,11.2654488,94.6,492.0
51.6096391,7.217257,94.6,164.0
47.6465807,12.1895547,94.6,492.0
51.3333,7.86667,94.6,32.8
53.8560526,13.688091,94.6,10332.0
52.2118499,7.0236342,94.6,328.0
48.7557588,9.1901672,94.7,164000.0
49.2406651,12.9207737,94.7,82000.0
49.6819278,7.327415,94.7,328.0
50.2159364,9.4259908,94.7,524.8
50.6089297,10.3845566,94.7,328.0
48.0167693,7.8022723,94.7,820.0
51.4333103,14.250083,94.7,1640.0
51.9532449,7.9912335,94.7,328.0
51.3618703,8.29553903262868,94.7,82.0
50.8006617,12.9572792,94.7,820.0
48.0117226,11.3486225,94.7,164.0
49.9850353,6.88844,94.7,328.0
49.762538,6.5589219,94.7,65.6
49.8892749,11.0620218,94.8,41000.0
49.1982825,8.1123441,94.8,164.0
49.9740542,9.1493636,94.8,164.0
51.4602168,8.8552071,94.8,164.0
50.9211078,11.5947739,94.8,328.0
48.35941895,10.8858310920168,94.8,164.0
51.6272545,9.2928461,94.8,82.0
50.6867695,10.9142385,94.8,164.0
53.5053677,13.9889049,94.8,2132.0
47.4429543,11.2655684,94.8,16.4
49.8722,8.03944,94.9,8200.0
47.7569807,9.7120269,94.9,98400.0
52.8358565,11.6861681,94.9,16400.0
50.8557247,12.1620834,94.9,4920.0
52.1451147,8.7251778,94.9,820.0
49.1912674,7.9492603,94.9,16.4
53.5736426,7.9020696,94.9,410.0
49.7562556,6.6133216,94.9,164.0
49.4701503,10.0325388,94.9,16.4
49.7451275,9.2988924,94.9,16.4
53.1193496,13.5005559,94.9,820.0
51.0952854,14.3946921,94.9,328.0
51.3145906,7.7230609,95.0,82000.0
49.0407283,12.1771417,95.0,41000.0
53.1034842,8.7865535,95.0,1640.0
51.7930788,11.7391606,95.0,1640.0
51.3709574,12.7410574,95.0,656.0
53.563139,9.97581251577813,95.0,492.0
54.3690547,12.7258585,95.0,492.0
52.6891269,7.29195216353142,95.0,16.4
51.2921267,14.8250955,95.0,328.0
48.746807,6.8605468,95.1,164000.0
48.8362705,10.0931765,95.1,82000.0
47.6026258,8.4072782,95.1,4264.0
50.0673092,8.2320076,95.1,820.0
50.5917247,12.6985894,95.1,1640.0
51.1525648,11.8099186,95.1,820.0
49.7093126,7.35635010035676,95.1,16.4
50.0425964,7.1391456,95.1,16.4
49.4026031,6.6311822,95.1,164.0
52.4333,8.61667,95.1,164.0
51.9182037,10.4613486,95.1,164.0
50.0009915,12.0856433,95.1,164.0
50.0009915,12.0856433,95.1,164.0
52.4101109,10.7735234,95.1,164.0
49.7410617,9.383644,95.1,16.4
53.9070019,13.0327836,95.1,164.0
51.3666041,10.8668419,95.1,147.6
48.152849,8.6711333,95.2,3280.0
52.1755778,9.9540158,95.2,1640.0
48.8703837,8.6836634,95.2,820.0
50.359255,12.4645007,95.2,164.0
54.3046701,9.6645115,95.2,410.0
53.0898943,7.3869777,95.2,164.0
52.8654484,9.6930195,95.2,82.0
52.1405622,12.5865873,95.2,656.0
53.3196227,7.4225093,95.2,9840.0
52.4359731,7.0707659,95.2,328.0
52.4246425,9.62105805365549,95.2,164.0
48.8964134,8.4387379,95.3,82000.0
53.6288297,11.4148038,95.3,164000.0
52.0404907,8.4158566,95.3,3280.0
52.3788547,13.0846277,95.3,1033.2
50.88221815,12.0506835032063,95.3,820.0
48.5549274,12.1080947,95.3,410.0
52.1912143,9.0779862,95.3,164.0
50.6504841,7.9523942,95.4,41000.0
51.0382067,13.8314672,95.4,164000.0
48.3385936,8.1539491,95.4,820.0
50.14568,11.06382,95.4,492.0
52.8351496,13.7997011,95.4,1312.0
48.7151154,11.4210841,95.4,328.0
52.6416336,10.0910941,95.4,328.0
53.5218143,8.64920230605346,95.4,41000.0
50.4733943,12.1570338,95.4,3280.0
52.7873874,13.3834451756387,95.4,2132.0
51.2553021,3.2920911130762,95.4,492.0
48.9700842,13.1262631,95.4,16.4
50.8959142,14.8064417,95.4,820.0
50.6859887,12.4716938753843,95.5,820.0
52.8828906,7.8374469,95.5,164.0
50.4258722,11.6088156,95.5,3280.0
48.9900921,12.0666402,95.5,328.0
51.2435492,11.1987269,95.6,41000.0
52.5092543,7.2881111,95.6,1033.2
52.8358565,11.6861681,95.6,1640.0
54.8721377,8.4337685,95.6,8200.0
51.7252654,7.1630596,95.6,164.0
51.3199279,12.3863118,95.6,820.0
53.1034842,8.7865535,95.6,328.0
53.15154635,12.1794080841287,95.6,164.0
47.6410174,11.7442455,95.6,164.0
47.659216,9.1750718,95.6,82.0
50.7592809,11.2280402,95.7,16400.0
51.1712468,7.0838996,95.7,1640.0
51.1155786,7.1104346,95.7,1640.0
54.3326908,10.0678745,95.7,1640.0
52.0541312,9.9045818,95.7,820.0
52.2394431,8.924762,95.7,820.0
48.7606019,12.3348025,95.7,164.0
51.7902676,10.9551991,95.7,164.0
47.6911052,12.2631336,95.7,16.4
50.9402672,8.2150383,95.8,32800.0
52.52082275,13.409420934251,95.8,164000.0
53.4695604,7.4823808,95.8,41000.0
49.876354,6.8462387,95.8,278.8
50.7795002,12.8669288,95.8,1640.0
50.328152,10.2261333,95.8,82.0
53.3789803,10.5513889,95.8,164.0
54.1149634,12.1481031,95.8,164.0
48.8556024,13.7345252,95.8,16.4
49.3762772,8.1219094,95.9,41000.0
50.7702908,6.2295504,95.9,32800.0
47.8414754,12.6554368,95.9,8200.0
52.0404907,8.4158566,95.9,1640.0
50.8681341,9.7068481,95.9,164.0
50.2159364,9.4259908,95.9,524.8
51.6512192,7.3393014,95.9,82.0
51.016265,13.6530329,95.9,164.0
51.936284,8.8791526,95.9,32.8
52.3024786,7.1605921,95.9,164.0
47.023994,12.8352658,96.0,164000.0
53.486634,13.60925,96.0,164000.0
50.4340422,8.6711184,96.0,131.2
51.8271933,9.4387596,96.0,820.0
51.131196,9.2748504,96.0,164.0
51.9182037,10.4613486,96.0,164.0
49.4903857,6.5941798,96.0,16.4
53.563139,9.97581251577813,96.0,164.0
51.1082267,10.6464452,96.0,32.8
48.0167693,7.8022723,96.0,1640.0
53.5218143,8.64920230605346,96.0,164.0
50.2406477,7.5141558,96.1,16400.0
49.4835543,6.37443742080403,96.1,8200.0
54.7919856,9.4769237,96.1,41000.0
51.1096147,8.6201021,96.1,164.0
51.5110321,7.0960124,96.1,164.0
51.0491637,12.1349991,96.1,164.0
53.1034842,8.7865535,96.1,1640.0
52.0280674,8.9012894,96.1,32.8
47.5858442,11.102169,96.1,164.0
49.68239005,9.03407290222418,96.1,164.0
51.7264388,10.6100516,96.1,32.8
48.0158071,9.5010309,96.1,524.8
51.2921056,13.1141005858108,96.1,524.8
52.6828374,8.8018923,96.1,262.4
48.6057023,8.2021233,96.2,131200.0
50.05575125,8.08935315370493,96.2,820.0
52.3212183,9.7454815,96.2,8200.0
51.3738558,8.4656301,96.2,656.0
50.8204127,8.80547493488252,96.2,328.0
50.65079395,12.4271528217271,96.2,492.0
53.8950082,11.4385506,96.2,328.0
50.9566022,11.0004781,96.2,984.0
52.5064317,13.2285653,96.3,131200.0
49.3412539,6.758665,96.3,164.0
51.7994116,8.2022106,96.3,410.0
49.2071077,12.03996,96.3,524.8
54.3096314,13.0820846,96.3,131.2
48.3862619,9.9625658,96.3,131.2
53.0833678,11.0732294,96.4,41000.0
53.4695604,7.4823808,96.4,16400.0
49.7861037,7.4584035,96.4,16.4
51.5051574,10.7925317,96.4,164.0
49.9562183,8.9460279,96.4,82.0
47.5528548,7.6737981,96.4,82.0
48.4121233,9.7847091,96.4,3280.0
53.0744334,8.8095044,96.4,820.0
48.9009773,7.1122271,96.4,164.0
50.8986492,13.9680394,96.4,164.0
48.7503918,7.1965445,96.5,164000.0
48.746807,6.8605468,96.5,73800.0
48.8170156,13.2167342,96.5,164000.0
53.486634,13.60925,96.5,16400.0
49.60855265,6.55156362884827,96.5,410.0
51.2816524,8.8982774,96.5,328.0
51.3424772,9.8578217,96.5,524.8
50.9747134,10.3193565,96.5,328.0
53.6736529,10.2358999,96.5,3280.0
51.9182037,10.4613486,96.5,164.0
50.3296301,11.7084131,96.5,164.0
47.4118318,10.2781005,96.5,164.0
47.5813782,10.5579673,96.5,32.8
51.9863077,9.8247473,96.5,82.0
50.8349097,10.9461479,96.5,82.0
52.2394431,8.924762,96.6,49.2
51.1929899,12.2861919,96.6,164000.0
50.3823283,6.9304002,96.6,1033.2
52.5417141,7.351461,96.6,820.0
49.69068,11.1009157,96.6,164.0
51.9027561,10.1721251,96.6,82.0
48.0026186,11.3828095,96.6,524.8
47.7566623,7.5758903,96.6,164.0
53.3726226,13.694259,96.6,820.0
53.1034842,8.7865535,96.7,82000.0
54.1149634,12.1481031,96.7,65600.0
48.35941895,10.8858310920168,96.7,492.0
48.7280058,9.3038803,96.7,164.0
47.7666692,12.1767419,96.7,492.0
47.659216,9.1750718,96.7,82.0
49.2406651,12.9207737,96.8,82000.0
51.4117932,11.0765417,96.8,4920.0
49.1373277,8.9084374,96.8,524.8
49.3218763,7.0964205,96.8,164.0
50.9948584,9.7269936,96.8,524.8
48.745879,8.2582669,96.8,524.8
48.5103834,8.3707323,96.8,164.0
51.6120943,7.1967816,96.8,1640.0
52.2176245,10.7817749282226,96.8,246.0
48.745879,8.2582669,96.8,
48.8362705,10.0931765,96.9,8200.0
49.4049756,7.7283747,96.9,820.0
52.8358565,11.6861681,96.9,16400.0
50.5536378,7.2938682,96.9,328.0
51.1204341,8.0515662,96.9,164.0
52.0902045,13.1741882,96.9,1640.0
54.1948456,9.0929015,96.9,492.0
51.4333103,14.250083,96.9,328.0
47.7750654,10.6170847,96.9,164.0
51.0531353,6.9946219,96.9,820.0
50.9346533,14.6092022,96.9,524.8
47.796887,9.6276253,96.9,164.0
54.095791,13.3815238,96.9,164.0
47.6911052,12.2631336,96.9,16.4
51.9063058,8.81941575523258,97.0,164000.0
48.9408388,8.4292039,97.0,32800.0
50.8194269,12.9140384,97.0,164000.0
47.4489135,7.51876,97.0,13776.0
49.0407283,12.1771417,97.0,8200.0
47.8414754,12.6554368,97.0,8200.0
52.3788547,13.0846277,97.0,1033.2
52.4259804,13.7542811,97.0,524.8
54.18004525,7.8853621011807,97.0,82.0
49.9296093,8.3083998,97.1,164.0
47.9358425,8.8267371,97.1,65600.0
53.486634,13.60925,97.1,49200.0
49.6644306,8.0107385,97.1,328.0
50.8839999,8.0378628,97.1,820.0
49.5658792,8.6810817,97.1,65.6
50.3877146,8.04693774218146,97.1,328.0
50.9929303,7.1277379,97.1,82.0
53.563139,9.97581251577813,97.1,492.0
52.4359731,7.0707659,97.1,328.0
52.8545288,10.3533607,97.1,328.0
47.6766357,12.4703473,97.1,164.0
50.6448582,7.2272534,97.1,1640.0
50.8511626,10.4665051,97.2,164000.0
50.0730168,8.25505589675038,97.2,164.0
49.2553,8.87722,97.2,820.0
50.0425964,7.1391456,97.2,82.0
51.257732,7.7642148,97.2,164.0
51.1847707,7.2119644,97.2,164.0
53.1034842,8.7865535,97.2,820.0
50.6072499,6.3005267,97.2,82.0
47.5528548,7.6737981,97.2,82.0
48.8576397,13.3938284,97.2,164.0
48.8489917,12.9401456,97.2,164.0
49.4701503,10.0325388,97.2,16.4
48.5622723,9.6271372,97.2,16.4
49.7451275,9.2988924,97.2,16.4
50.9997078,6.7938679,97.2,32.8
51.0382067,13.8314672,97.3,164000.0
51.7821908,6.1089577,97.3,3280.0
48.2242434,11.6715263,97.3,41000.0
49.4704113,8.4381568,97.3,164.0
54.1149634,12.1481031,97.3,8200.0
49.55202295,6.40368517287021,97.3,492.0
50.9271541,8.4123648,97.3,164.0
49.1686211,9.2014749,97.3,164.0
50.9852411,12.4340988,97.3,656.0
53.5278793,8.106301,97.3,492.0
49.3261854,12.1092708,97.3,164.0
53.599794,9.475438,97.3,311.6
50.0373241,12.0027278,97.3,328.0
47.4496788,10.1079181,97.3,32.8
51.7991251,10.6156365,97.4,164000.0
48.3862619,9.9625658,97.4,16400.0
49.8892749,11.0620218,97.4,8200.0
53.3789803,10.5513889,97.4,524.8
48.8868972,8.6553959,97.4,1640.0
48.6047533,8.6601529,97.4,16.4
51.2737192,8.0493641,97.5,41000.0
50.8006617,12.9572792,97.5,4920.0
48.7280058,9.3038803,97.5,820.0
47.9816628,7.8958597,97.5,1640.0
47.0985256,9.2114138,97.5,82.0
53.9250316,9.5155854,97.5,164.0
51.2553021,3.2920911130762,97.5,524.8
48.9457346,11.4361469,97.6,41000.0
50.3978436,8.0386225,97.6,656.0
50.9898691,8.0037653,97.6,1640.0
48.746807,6.8605468,97.6,6560.0
51.3060106,12.4614203,97.6,6560.0
51.3060106,12.4614203,97.6,6560.0
51.0486743,9.2772609,97.6,1640.0
48.3385936,8.1539491,97.6,164.0
48.8292287,9.5481405,97.6,492.0
53.9394279,14.1881469,97.6,1640.0
53.9070019,13.0327836,97.6,820.0
47.7054883,10.2014243,97.6,1640.0
51.6272545,9.2928461,97.6,82.0
50.2556672,8.6511395,97.6,656.0
51.2641978,10.5270994,97.6,82.0
54.3294634,8.7795106,97.6,393.6
49.8311572,7.0854579,97.7,82000.0
51.3145906,7.7230609,97.7,82000.0
52.52082275,13.409420934251,97.7,164000.0
48.4919508,9.2114144,97.7,3280.0
50.2534129,10.9853872,97.7,1640.0
47.7666692,12.1767419,97.7,262.4
48.624521,10.243032,97.7,32.8
54.8478963,8.2929793,97.7,0.082
49.403725,8.72843327103175,97.8,164000.0
52.5417141,7.351461,97.8,24600.0
50.8557247,12.1620834,97.8,16400.0
50.7016885,7.0993079,97.8,524.8
48.5549274,12.1080947,97.8,410.0
51.1464245,8.2504655,97.8,164.0
50.9566022,11.0004781,97.8,1640.0
48.9700842,13.1262631,97.8,16.4
49.8323968,9.5927263,97.9,41000.0
47.8745198,8.0039031,97.9,8200.0
53.3617163,13.0630004,97.9,1640.0
52.11102,8.1615281,97.9,820.0
50.4823062,8.2669053,97.9,82.0
47.7750654,10.6170847,97.9,82.0
47.4126177,10.2896726,97.9,16.4
50.9591106,11.3456962,97.9,492.0
48.4121233,9.7847091,97.9,3280.0
49.1052677,6.4793632,98.0,524.8
51.800118,10.537097,98.0,164000.0
50.5203183,6.8328257,98.0,8200.0
50.3625192,7.5783967,98.0,656.0
51.2435492,11.1987269,98.0,3280.0
50.4302589,7.4663112,98.0,524.8
47.8414754,12.6554368,98.0,8200.0
51.2921056,13.1141005858108,98.0,8200.0
51.7821908,6.1089577,98.0,1640.0
49.4389622,6.61634204011046,98.0,164.0
52.3412273,14.549452,98.0,1640.0
48.7806048,8.5651071,98.0,16.4
51.0422201,7.4726832,98.1,57400.0
48.8362705,10.0931765,98.1,82000.0
53.4695604,7.4823808,98.1,41000.0
49.4049756,7.7283747,98.1,262.4
53.563139,9.97581251577813,98.1,1640.0
49.7093126,7.35635010035676,98.1,16.4
50.2689982,11.8457641,98.1,164.0
54.095791,13.3815238,98.1,328.0
54.095791,13.3815238,98.1,328.0
50.6984622,10.9387107,98.1,492.0
54.6438229,8.9439614,98.1,82.0
49.844711,7.85472807364812,98.2,82.0
50.3688726,8.0125373,98.2,164.0
52.5064317,13.2285653,98.2,13120.0
48.9900921,12.0666402,98.2,492.0
50.65079395,12.4271528217271,98.2,492.0
50.5566274,6.23621810669486,98.2,82.0
49.9060908,8.584137,98.2,410.0
50.9211078,11.5947739,98.2,328.0
49.7562556,6.6133216,98.2,164.0
47.5858442,11.102169,98.2,164.0
51.477438,9.1521973,98.2,820.0
52.5318238,14.380704,98.2,820.0
50.0730168,8.25505589675038,98.3,164.0
54.3326908,10.0678745,98.3,24600.0
50.5536378,7.2938682,98.3,164.0
51.080992,6.3160684,98.3,820.0
48.6373832,13.6510105,98.3,328.0
52.6959802,7.2980648,98.3,164.0
48.35941895,10.8858310920168,98.3,164.0
47.4429543,11.2655684,98.3,16.4
51.4825041,11.9705452,98.3,820.0
50.9166767,12.047522,98.3,328.0
53.5218143,8.64920230605346,98.3,164.0
48.6057023,8.2021233,98.4,131200.0
50.8839999,8.0378628,98.4,1640.0
51.904646,12.5803907,98.4,8528.0
51.8271933,9.4387596,98.4,820.0
50.9852411,12.4340988,98.4,820.0
53.9394279,14.1881469,98.4,820.0
50.389864,12.5031709,98.4,262.4
50.4899196,11.3498651,98.4,82.0
53.9250113,9.6351933,98.4,9840.0
51.0435315,13.6377166,98.4,82.0
48.3862619,9.9625658,98.4,164.0
51.0435315,13.6377166,98.4,82.0
49.3559425,11.1441047,98.5,164000.0
53.6288297,11.4148038,98.5,164000.0
51.3321247,10.5290433,98.5,32800.0
47.6026258,8.4072782,98.5,4264.0
49.68239005,9.03407290222418,98.5,1640.0
50.8125952,8.78926831173522,98.5,524.8
51.5000107,7.2330816,98.5,820.0
50.4258722,11.6088156,98.5,3280.0
51.355148,8.4893388,98.6,16400.0
47.758716,7.5063314,98.6,328.0
51.8344172,10.7862526,98.6,1640.0
53.0495213,8.4497212,98.6,4920.0
48.9321398,8.9568316,98.6,164.0
53.3167,13.866575,98.6,820.0
49.4903857,6.5941798,98.6,16.4
51.2383379,12.7287511,98.6,328.0
54.8233691,9.4241777,98.6,328.0
52.3212183,9.7454815,98.7,24600.0
49.6061935,7.1728826,98.7,328.0
54.8721377,8.4337685,98.7,8200.0
52.1091216,11.6300728,98.7,820.0
51.521581,6.929204,98.7,820.0
48.28603445,8.03193288780224,98.7,164.0
51.2641978,10.5270994,98.7,164.0
48.8793504,12.9963539,98.7,164.0
53.7943172,12.6918642,98.7,164.0
48.7503918,7.1965445,98.8,164000.0
51.1525648,11.8099186,98.8,16400.0
49.2071077,12.03996,98.8,820.0
52.52082275,13.409420934251,98.8,1640.0
49.7562556,6.6133216,98.8,164.0
49.7802113,11.1875112,98.8,82.0
51.1813907,14.4275735,98.8,328.0
54.4853638,9.0538156,98.8,73800.0
52.8358565,11.6861681,98.9,16400.0
48.3862619,9.9625658,98.9,1640.0
48.7644535,8.2805337,98.9,1312.0
50.7818458,8.0024308,98.9,164.0
50.7016885,7.0993079,98.9,164.0
50.2393713,6.2873665,98.9,164.0
51.1204341,8.0515662,98.9,164.0
49.8916044,10.8868478,98.9,164.0
50.1004326,11.4697956,98.9,164.0
53.5218143,8.64920230605346,98.9,820.0
54.3096314,13.0820846,98.9,656.0
51.2921056,13.1141005858108,98.9,820.0
47.6410174,11.7442455,98.9,164.0
48.152849,8.6711333,99.0,820.0
49.8452797,9.6067197,99.0,164.0
47.5650635,9.6741405,99.0,820.0
49.5118126,11.2813381,99.0,328.0
48.4680111,9.4433583,99.0,164.0
49.3178373,6.7530406,99.0,820.0
52.6959802,7.2980648,99.0,82.0
47.796887,9.6276253,99.0,164.0
52.5672167,14.0761529,99.0,656.0
49.6252945,7.9146758,99.1,98400.0
53.486634,13.60925,99.1,164000.0
53.0744334,8.8095044,99.1,1640.0
52.4259804,13.7542811,99.1,820.0
47.8586274,11.1530505402558,99.1,164.0
52.24559115,8.87847510719655,99.1,164.0
53.5278793,8.106301,99.1,410.0
52.2911243,11.4132719,99.1,1640.0
51.0491637,12.1349991,99.1,820.0
48.746807,6.8605468,99.2,164000.0
53.5092894,10.0939323,99.2,131200.0
49.4026031,6.6311822,99.2,8200.0
50.2534129,10.9853872,99.2,8200.0
48.5956244,8.8671496,99.2,328.0
48.0167693,7.8022723,99.2,820.0
50.3877146,8.04693774218146,99.2,524.8
48.5103834,8.3707323,99.2,164.0
48.2769011,8.0871643,99.2,164.0
50.9068693,11.4465339,99.2,82.0
50.7087734,12.7762607,99.2,164.0
48.5206428,8.1146431,99.2,164.0
47.4126177,10.2896726,99.2,16.4
50.9566022,11.0004781,99.2,820.0
51.3009323,12.3865233,99.2,820.0
51.3009323,12.3865233,99.2,820.0
52.1405622,12.5865873,99.3,49200.0
47.6500279,9.4800858,99.3,8200.0
48.9024242,8.7167771,99.3,820.0
50.1251078,8.871792,99.3,410.0
52.8828906,7.8374469,99.3,1640.0
51.0333517,9.4000153,99.3,164.0
48.5257116,12.1338192,99.3,328.0
51.016265,13.6530329,99.3,164.0
50.1483669,9.6509683,99.3,16.4
51.016265,13.6530329,99.3,164.0
50.9854597,12.9810458,99.3,82.0
48.5622723,9.6271372,99.3,16.4
48.1534412,9.4748796,99.3,16.4
50.92189395,10.782292261833,99.3,328.0
49.3297989,8.57629996321377,99.3,1640.0
47.023994,12.8352658,99.4,164000.0
50.2406477,7.5141558,99.4,328.0
50.5197936,6.9952544,99.4,164.0
49.6784053,9.2872835,99.4,82.0
47.8701474,12.6423403,99.4,492.0
48.2778235,11.8450943,99.4,820.0
51.0676201,9.9354246,99.4,82.0
53.3167,13.866575,99.4,820.0
51.4729797,11.2981851,99.4,164.0
54.1556493,12.5725117,99.4,492.0
49.9083321,13.3737278,99.4,492.0
52.3024786,7.1605921,99.4,82.0
49.1503044,9.2865471,99.5,3280.0
49.3412539,6.758665,99.5,1640.0
42.6073975,25.4856617,99.5,328.0
48.0319145,8.4713168,99.5,1640.0
51.800118,10.537097,99.5,82000.0
53.6288297,11.4148038,99.5,3280.0
49.5658792,8.6810817,99.5,65.6
50.5627766,10.4224157,99.5,328.0
50.0425964,7.1391456,99.5,16.4
51.2136798,7.8745627,99.5,82.0
51.0227878,11.5129742,99.5,328.0
50.7469606,13.0695613,99.5,410.0
45.06208995,5.34327149880279,99.5,164.0
48.6047533,8.6601529,99.5,16.4
53.4695604,7.4823808,99.5,1640.0
48.8556024,13.7345252,99.5,16.4
50.9471813,8.5329862,99.6,164000.0
49.0407283,12.1771417,99.6,41000.0
51.2737192,8.0493641,99.6,820.0
48.7644535,8.2805337,99.6,656.0
51.1525648,11.8099186,99.6,2624.0
53.599794,9.475438,99.6,328.0
51.5303571,13.1271655,99.6,1640.0
50.800473,12.7069527,99.6,52480.0
47.6911052,12.2631336,99.6,16.4
52.52082275,13.409420934251,99.7,164000.0
50.0730168,8.25505589675038,99.7,328.0
51.7821908,6.1089577,99.7,3280.0
48.3385936,8.1539491,99.7,820.0
51.186867,10.0575056,99.7,820.0
50.2393713,6.2873665,99.7,164.0
50.946155,11.1152431,99.7,820.0
51.8271933,9.4387596,99.7,820.0
48.3825958,9.8984907,99.7,1640.0
54.3326908,10.0678745,99.7,1640.0
50.6765873,6.8095119,99.7,164.0
50.5566274,6.23621810669486,99.7,82.0
52.8545288,10.3533607,99.7,328.0
50.6036333,12.176645,99.7,328.0
53.0495213,8.4497212,99.8,164000.0
49.8892749,11.0620218,99.8,41000.0
50.299603,8.2673122,99.8,328.0
51.3060106,12.4614203,99.8,6560.0
50.8681341,9.7068481,99.8,328.0
50.0547206,8.7993284,99.8,328.0
48.0514973,10.8737728,99.8,820.0
49.403725,8.72843327103175,99.9,164000.0
53.1492896,12.1761903,99.9,16400.0
51.7902676,10.9551991,99.9,410.0
51.4729797,11.2981851,99.9,1640.0
46.0634632,13.2358377,99.9,328.0
50.6867695,10.9142385,99.9,164.0
50.1483669,9.6509683,99.9,16.4
50.8194269,12.9140384,100.0,164000.0
50.5203183,6.8328257,100.0,8200.0
50.9747134,10.3193565,100.0,328.0
52.39305745,9.79970848359439,100.0,492.0
50.7213643,10.4510467,100.0,164.0
54.0536473,13.7757809,100.0,820.0
53.563139,9.97581251577813,100.0,1640.0
50.8959142,14.8064417,100.0,820.0
51.3333094,14.9666932,100.0,328.0
54.18004525,7.8853621011807,100.0,82.0
49.8311572,7.0854579,100.1,82000.0
49.2531928,9.8477788,100.1,82000.0
48.8170156,13.2167342,100.1,164000.0
52.0350576,11.6616226,100.1,32800.0
46.8813269,8.8593372,100.1,1640.0
53.2110052,14.2085984,100.1,82000.0
47.9245987,9.2533029,100.1,1640.0
53.6992698,7.7035695,100.1,1640.0
52.8654484,9.6930195,100.1,82.0
51.1464245,8.2504655,100.1,164.0
51.2553021,3.2920911130762,100.1,820.0
51.3666041,10.8668419,100.1,82.0
49.4317799,7.7142975,100.2,11644.0
49.4317799,7.7142975,100.2,8200.0
48.9457346,11.4361469,100.2,41000.0
50.946155,11.1152431,100.2,4920.0
52.1405622,12.5865873,100.2,16400.0
51.0382067,13.8314672,100.2,8200.0
50.8774674,7.9983623,100.2,82.0
53.0898943,7.3869777,100.2,820.0
53.9221033,13.3374416,100.2,328.0
47.4126177,10.2896726,100.2,82.0
50.8871691,9.5169416,100.3,82000.0
47.023994,12.8352658,100.3,164000.0
49.6819278,7.327415,100.3,1640.0
49.4835543,6.37443742080403,100.3,8200.0
52.2176245,10.7817749282226,100.3,24600.0
53.1034842,8.7865535,100.3,1640.0
54.3690547,12.7258585,100.3,213.2
50.7016885,7.0993079,100.4,82000.0
48.6057023,8.2021233,100.4,131200.0
50.3556543,8.7654794,100.4,1640.0
49.9740542,9.1493636,100.4,1640.0
51.4333103,14.250083,100.4,49200.0
51.3060106,12.4614203,100.4,3280.0
51.5051574,10.7925317,100.4,164.0
47.5650635,9.6741405,100.4,164.0
51.9063058,8.81941575523258,100.5,164000.0
50.0548028,10.239588,100.5,820.0
53.9394279,14.1881469,100.5,1640.0
50.61843225,12.2341134573147,100.5,1640.0
51.053862,11.7105213,100.5,328.0
49.9157398,7.0708181,100.5,164.0
49.6570768,6.63445271124736,100.5,328.0
51.3627112,11.2914060953148,100.5,16.4
52.6050782,11.8594279,100.5,820.0
51.16005,12.9265979,100.5,328.0
47.4735616,15.7452097,100.5,820.0
49.9386027,8.1932939,100.6,32800.0
47.9358425,8.8267371,100.6,65600.0
49.8323968,9.5927263,100.6,41000.0
53.3978521,9.8600688,100.6,32800.0
52.52082275,13.409420934251,100.6,21320.0
49.2712873,7.1318516,100.6,164.0
51.186867,10.0575056,100.6,820.0
53.4592,7.45669,100.6,1640.0
48.0615171,12.220026,100.6,82.0
51.2383379,12.7287511,100.6,328.0
50.9402672,8.2150383,100.7,24600.0
50.7592809,11.2280402,100.7,98400.0
49.5658792,8.6810817,100.7,164.0
52.6959802,7.2980648,100.7,524.8
50.7702908,6.2295504,100.8,32800.0
49.1368254,7.5933537,100.8,8200.0
52.0404907,8.4158566,100.8,16400.0
50.3283544,7.2215134,100.8,328.0
50.3978436,8.0386225,100.8,524.8
54.1149634,12.1481031,100.8,213200.0
49.4513351,10.3229575,100.8,164.0
48.68466725,10.1668788379723,100.8,164.0
53.5218143,8.64920230605346,100.8,41000.0
54.51851,9.5653284,100.8,1312.0
48.8170156,13.2167342,100.9,164000.0
50.8557247,12.1620834,100.9,49200.0
49.3838513,6.8581984,100.9,1640.0
48.7644535,8.2805337,100.9,1312.0
53.2110052,14.2085984,100.9,8200.0
51.9503235,14.7153567,100.9,10332.0
49.4695858,8.9893881,100.9,65.6
53.4752247,10.2052735,100.9,164.0
52.8358565,11.6861681,101.0,164000.0
50.8204127,8.80547493488252,101.0,328.0
54.4853638,9.0538156,101.0,164.0
54.095791,13.3815238,101.0,262.4
50.6564031,13.345242,101.0,820.0
51.8717991,9.1999862,101.0,820.0
49.6252945,7.9146758,101.1,98400.0
47.4489135,7.51876,101.1,13776.0
53.8371714,9.9614889,101.1,32800.0
51.5028984,13.0928984,101.1,1640.0
47.76581875,11.7608941486301,101.1,820.0
51.4729797,11.2981851,101.1,164.0
51.053862,11.7105213,101.1,164.0
52.2217481,7.8169251,101.1,820.0
51.1464245,8.2504655,101.1,164.0
49.4026031,6.6311822,101.2,16400.0
53.1034842,8.7865535,101.2,164000.0
51.3322189,9.3254924,101.2,32800.0
50.8839999,8.0378628,101.2,820.0
48.08308,8.4566853,101.2,164.0
48.7371951,11.1795268,101.2,328.0
48.0927962,9.2246097,101.2,164.0
47.5966949,11.0673611,101.2,164.0
49.4833163,9.7571787,101.2,16.4
48.746807,6.8605468,101.3,164000.0
48.7636186,9.2057579,101.3,123000.0
53.6288297,11.4148038,101.3,164000.0
52.52082275,13.409420934251,101.3,6560.0
49.0407283,12.1771417,101.3,328.0
53.58591685,6.69147881522588,101.3,164.0
51.7991251,10.6156365,101.4,164000.0
50.0673092,8.2320076,101.4,820.0
54.7280775,9.4952344,101.4,32800.0
47.7518502,11.3763014,101.4,164.0
49.2178194,12.6663832,101.4,164.0
49.4513351,10.3229575,101.5,41000.0
52.5417141,7.351461,101.5,24600.0
50.9852411,12.4340988,101.5,1640.0
48.0279493,12.558228,101.5,524.8
50.3296301,11.7084131,101.5,82.0
48.8099603,13.5491927,101.5,164.0
50.3296301,11.7084131,101.5,82.0
50.7523545,9.268355,101.5,524.8
53.9070019,13.0327836,101.5,164.0
48.8964134,8.4387379,101.6,82000.0
51.904646,12.5803907,101.6,164000.0
48.9457346,11.4361469,101.6,41000.0
50.1004326,11.4697956,101.6,8200.0
48.3385936,8.1539491,101.6,820.0
53.808132,8.899715,101.6,3280.0
52.1451147,8.7251778,101.6,2296.0
47.6766357,12.4703473,101.6,164.0
53.5730304,9.70273787652117,101.6,164.0
53.079293,11.2035232,101.6,164.0
54.18004525,7.8853621011807,101.6,262.4
51.7821908,6.1089577,101.7,3280.0
50.9691346,11.8961116,101.7,1640.0
54.3294634,8.7795106,101.7,820.0
50.5087816,12.400153,101.7,656.0
49.1052677,6.4793632,101.8,524.8
50.9402672,8.2150383,101.8,24600.0
53.4695604,7.4823808,101.8,164000.0
53.486634,13.60925,101.8,164000.0
48.3825958,9.8984907,101.8,16400.0
47.659216,9.1750718,101.8,16400.0
51.2921056,13.1141005858108,101.8,8200.0
50.2005518,8.580452,101.8,164.0
50.4460558,11.652576,101.8,820.0
48.6442169,9.443775,101.8,164.0
48.1757263,8.0718474,101.8,164.0
48.9466799,9.4311225,101.8,1640.0
50.7702908,6.2295504,101.9,32800.0
49.2406651,12.9207737,101.9,82000.0
49.6819278,7.327415,101.9,1640.0
52.30223,9.4623741,101.9,41000.0
51.83048275,11.9383095831993,101.9,11808.0
52.52082275,13.409420934251,101.9,820.0
47.7750654,10.6170847,101.9,328.0
47.6500525,7.8216997,101.9,164.0
51.3666041,10.8668419,101.9,164.0
49.8323968,9.5927263,102.0,41000.0
52.5417141,7.351461,102.0,41000.0
50.3978436,8.0386225,102.0,820.0
52.0350576,11.6616226,102.0,32800.0
50.0673092,8.2320076,102.0,164.0
48.08308,8.4566853,102.0,4920.0
50.4733943,12.1570338,102.0,1640.0
49.9060908,8.584137,102.0,656.0
50.4842311,11.3895014,102.0,32.8
53.4752247,10.2052735,102.0,164.0
47.6266365,8.2369359,102.0,820.0
49.5330014,9.203843,102.1,41000.0
51.355148,8.4893388,102.1,16400.0
53.2110052,14.2085984,102.1,32800.0
50.8006617,12.9572792,102.1,4920.0
48.5118073,13.4395217,102.1,1640.0
52.4009309,13.0591397,102.1,1640.0
51.090451,6.6055379,102.1,410.0
48.35941895,10.8858310920168,102.1,164.0
49.9083321,13.3737278,102.1,328.0
49.3762772,8.1219094,102.2,41000.0
50.8511626,10.4665051,102.2,164000.0
51.4231174,7.0232774,102.2,524.8
53.9250316,9.5155854,102.2,656.0
48.7636186,9.2057579,102.3,164000.0
53.0495213,8.4497212,102.3,164000.0
49.3559425,11.1441047,102.3,164000.0
47.023994,12.8352658,102.3,49200.0
50.9471813,8.5329862,102.3,16400.0
51.904646,12.5803907,102.3,6560.0
54.3294634,8.7795106,102.3,328.0
50.7016885,7.0993079,102.4,82000.0
51.0382067,13.8314672,102.4,164000.0
47.5813782,10.5579673,102.4,82.0
47.9358425,8.8267371,102.5,65600.0
50.8557247,12.1620834,102.5,49200.0
49.8323968,9.5927263,102.5,16400.0
53.3789803,10.5513889,102.5,1640.0
49.4026031,6.6311822,102.6,32800.0
53.808132,8.899715,102.6,32800.0
52.52082275,13.409420934251,102.6,24600.0
51.2816524,8.8982774,102.6,820.0
51.2,9.71667,102.6,524.8
47.7675199,9.615764,102.6,492.0
50.9591106,11.3456962,102.6,3280.0
48.3825958,9.8984907,102.6,1640.0
48.7806048,8.5651071,102.6,164.0
51.0422201,7.4726832,102.7,32800.0
53.0833678,11.0732294,102.7,41000.0
48.5512399,8.7234942,102.7,164.0
53.9394279,14.1881469,102.7,1640.0
47.421215,10.986297,102.7,3280.0
50.8006617,12.9572792,102.7,1640.0
50.8006617,12.9572792,102.7,1640.0
50.8043254,7.6827244,102.7,820.0
49.40282065,8.73057646230106,102.8,82000.0
49.3412539,6.758665,102.8,1640.0
50.8125952,8.78926831173522,102.8,1640.0
54.1149634,12.1481031,102.8,164000.0
50.5758897,9.62098536487298,102.8,524.8
53.2039515,8.2453397,102.8,1640.0
51.438143,14.2777308,102.8,1640.0
54.9059163,8.3130412,102.8,8200.0
52.2652873,12.2898896,102.8,3280.0
51.7559549,11.462134,102.8,1640.0
50.6504841,7.9523942,102.9,24600.0
51.1929899,12.2861919,102.9,164000.0
49.8892749,11.0620218,102.9,41000.0
53.8371714,9.9614889,102.9,32800.0
49.750033,6.6601188,102.9,164.0
50.8681341,9.7068481,102.9,492.0
53.6288297,11.4148038,102.9,262.4
52.5092543,7.2881111,102.9,410.0
51.2435492,11.1987269,103.0,41000.0
48.9900921,12.0666402,103.0,41000.0
49.214426,7.6115842,103.0,820.0
48.7112108,8.7452043,103.0,492.0
51.186867,10.0575056,103.0,820.0
49.4389622,6.61634204011046,103.0,164.0
52.3788547,13.0846277,103.0,1640.0
53.8560526,13.688091,103.0,2132.0
48.5512399,8.7234942,103.0,164.0
52.1091216,11.6300728,103.0,328.0
51.5051574,10.7925317,103.0,164.0
53.6530029,13.1232854,103.0,16.4
47.4449303,11.2632808,103.0,82.0
48.2663113,13.0279972,103.0,82.0
54.18004525,7.8853621011807,103.0,82.0
51.2737192,8.0493641,103.1,41000.0
53.1492896,12.1761903,103.1,98400.0
53.4695604,7.4823808,103.1,41000.0
52.2304192,10.475462543086,103.1,24600.0
50.946155,11.1152431,103.1,3280.0
54.3096314,13.0820846,103.1,328.0
48.4919508,9.2114144,103.1,164.0
47.023994,12.8352658,103.2,164000.0
50.0083449,8.2844378,103.2,1640.0
51.3322189,9.3254924,103.2,32800.0
49.110529,9.2489832,103.2,41000.0
48.2242434,11.6715263,103.2,41000.0
53.3978521,9.8600688,103.2,32800.0
53.486634,13.60925,103.2,2132.0
48.746807,6.8605468,103.3,164000.0
48.7271041,10.5358654,103.3,41000.0
50.3978436,8.0386225,103.3,410.0
52.0404907,8.4158566,103.3,8200.0
54.7280775,9.4952344,103.3,32800.0
49.1028075,7.9991268,103.3,410.0
49.5700371,8.1335199,103.3,82.0
53.9394279,14.1881469,103.3,3280.0
49.7016019,8.6132493,103.3,328.0
54.3789509,12.419192,103.3,1033.2
49.1052677,6.4793632,103.4,328.0
48.305149,8.9932961,103.4,82000.0
52.52082275,13.409420934251,103.4,13120.0
50.698906,8.306736,103.4,820.0
53.5218143,8.64920230605346,103.4,820.0
50.9346533,14.6092022,103.4,524.8
51.0872996,12.3592621,103.4,820.0
48.8170156,13.2167342,103.5,164000.0
50.2005518,8.580452,103.5,164.0
50.8204127,8.80547493488252,103.5,820.0
51.0382067,13.8314672,103.5,3280.0
53.7943172,12.6918642,103.5,1640.0
54.0287383,19.0393963853836,103.5,820.0
53.2039515,8.2453397,103.5,820.0
50.389864,12.5031709,103.5,82.0
48.3825958,9.8984907,103.5,820.0
54.18004525,7.8853621011807,103.5,82.0
49.2847015,8.1284424,103.6,41000.0
50.7592809,11.2280402,103.6,98400.0
53.5092894,10.0939323,103.6,131200.0
50.078372,9.10975,103.6,410.0
47.5650635,9.6741405,103.6,820.0
51.6747074,8.347194,103.6,164.0
52.2118499,7.0236342,103.6,164.0
48.4585555,11.1283627,103.6,32.8
54.3096314,13.0820846,103.6,410.0
48.8362705,10.0931765,103.7,82000.0
51.3322189,9.3254924,103.7,32800.0
50.0752906,8.26921666799055,103.7,820.0
51.7821908,6.1089577,103.7,3280.0
51.2921056,13.1141005858108,103.7,8200.0
47.8701474,12.6423403,103.7,8200.0
54.105858,11.9026057,103.7,8200.0
52.8828906,7.8374469,103.7,2624.0
48.2175038,8.4145275,103.7,164.0
48.0913697,9.1991507,103.7,164.0
47.7333633,12.890207,103.7,492.0
46.0634632,13.2358377,103.7,164.0
52.7508589,12.3410614,103.7,328.0
51.0422201,7.4726832,103.8,57400.0
52.30223,9.4623741,103.8,41000.0
53.486634,13.60925,103.8,164000.0
48.7526525,8.2022485,103.8,3280.0
50.3204113,10.9083336,103.8,8200.0
50.311883,12.3292151,103.8,820.0
50.8557247,12.1620834,103.9,49200.0
47.6392072,10.0768742,103.9,16400.0
50.1483669,9.6509683,103.9,328.0
52.1423947,7.3256792,103.9,820.0
50.8204127,8.80547493488252,103.9,164.0
52.7955816,11.3870503,103.9,8200.0
48.9187285,11.8727886,103.9,820.0
48.47696,8.9336788,103.9,164.0
53.20509275,7.45946396249222,103.9,328.0
49.457984,11.8726002,103.9,164.0
50.8043254,7.6827244,103.9,9840.0
54.9059163,8.3130412,103.9,328.0
53.6288297,11.4148038,103.9,328.0
51.904646,12.5803907,104.0,164000.0
47.8745198,8.0039031,104.0,8200.0
50.7523545,9.268355,104.0,164.0
51.8271933,9.4387596,104.0,820.0
52.611968,6.8527435,104.0,524.8
53.563139,9.97581251577813,104.0,820.0
53.7122885,7.23577947730025,104.0,82.0
52.2217481,7.8169251,104.0,1640.0
49.403725,8.72843327103175,104.1,82000.0
51.355148,8.4893388,104.1,16400.0
52.2304192,10.475462543086,104.1,1640.0
50.2397846,11.3277669,104.1,820.0
48.5103834,8.3707323,104.1,164.0
53.2039515,8.2453397,104.1,393.6
51.1277815,14.1795516,104.1,328.0
50.8511626,10.4665051,104.2,164000.0
49.1368254,7.5933537,104.2,8200.0
49.8193896,9.6276227,104.2,820.0
48.0913697,9.1991507,104.2,1640.0
50.7627913,6.9890508,104.2,328.0
49.4903857,6.5941798,104.2,164.0
48.8953937,9.1895147,104.2,164.0
51.4682596,7.3622496,104.2,164.0
48.9615975,10.131975,104.2,164.0
47.6465807,12.1895547,104.2,492.0
48.68466725,10.1668788379723,104.2,164.0
48.35941895,10.8858310920168,104.2,164.0
46.3351913,8.7525902,104.2,524.8
47.8541669,12.3455493,104.2,82.0
53.0744334,8.8095044,104.2,328.0
50.9471813,8.5329862,104.3,164000.0
53.1492896,12.1761903,104.3,164000.0
49.9060908,8.584137,104.3,1312.0
52.5417141,7.351461,104.3,24600.0
49.9657002,11.6448227,104.3,16400.0
48.72231305,8.994019725,104.3,3280.0
48.8868972,8.6553959,104.3,164.0
47.76581875,11.7608941486301,104.3,820.0
51.5312496,10.8308232,104.3,164.0
53.5218143,8.64920230605346,104.3,13120.0
54.095791,13.3815238,104.3,328.0
49.2406651,12.9207737,104.4,82000.0
52.0404907,8.4158566,104.4,16400.0
53.2110052,14.2085984,104.4,16400.0
49.9386027,8.1932939,104.5,32800.0
51.3321247,10.5290433,104.5,16400.0
49.8323968,9.5927263,104.5,3280.0
51.4318641,6.7994327,104.5,328.0
48.8754571,9.3978478,104.5,164.0
53.20509275,7.45946396249222,104.5,524.8
50.88221815,12.0506835032063,104.5,164.0
51.477438,9.1521973,104.5,820.0
50.9948584,9.7269936,104.5,82.0
49.4026031,6.6311822,104.6,32800.0
53.808132,8.899715,104.6,32800.0
52.52082275,13.409420934251,104.6,16400.0
49.4149861,8.63371546867458,104.6,623.2
48.2908613,8.5711222,104.6,1640.0
50.1159826,9.8932996,104.6,524.8
51.186867,10.0575056,104.6,820.0
52.2304192,10.475462543086,104.6,820.0
50.65079395,12.4271528217271,104.6,328.0
51.2641978,10.5270994,104.6,164.0
49.5218655,9.3366886,104.6,164.0
49.68239005,9.03407290222418,104.6,164.0
51.0422201,7.4726832,104.7,57400.0
49.1368254,7.5933537,104.7,8200.0
42.6073975,25.4856617,104.7,328.0
51.4117932,11.0765417,104.7,4920.0
51.2921056,13.1141005858108,104.7,8200.0
49.1503044,9.2865471,104.7,328.0
49.88531845,10.8628920487532,104.7,820.0
49.7612124,9.52439300337165,104.7,164.0
48.6300161,8.0735581,104.7,164.0
49.3771899,10.1788809,104.7,82.0
52.7848305,9.91166497661562,104.7,262.4
47.5813782,10.5579673,104.7,82.0
50.4460558,11.652576,104.7,1033.2
48.6273436,9.8342449,104.7,164.0
49.8260569,7.8328204,104.8,328.0
48.4919508,9.2114144,104.8,1640.0
54.1149634,12.1481031,104.8,164000.0
47.9576494,8.3796518,104.8,1640.0
52.6427382,11.8356124,104.8,1640.0
49.1365626,10.0720195,104.8,164.0
48.5430079,11.4322533,104.8,328.0
50.311883,12.3292151,104.8,820.0
53.1034842,8.7865535,104.8,164.0
47.6766357,12.4703473,104.8,164.0
49.934802,11.9694077,104.8,82.0
54.9059163,8.3130412,104.8,8200.0
50.4899196,11.3498651,104.8,82.0
50.5788781,13.0106108,104.8,820.0
51.1929899,12.2861919,104.9,164000.0
53.4695604,7.4823808,104.9,41000.0
48.4716556,7.944378,104.9,8200.0
49.47880605,10.3880885825382,104.9,623.2
50.8204127,8.80547493488252,104.9,164.0
53.9250316,9.5155854,104.9,1640.0
51.3436532,8.2859257,104.9,164.0
52.147275,7.3295686,104.9,410.0
52.8351496,13.7997011,104.9,1312.0
52.39305745,9.79970848359439,104.9,492.0
52.7873874,13.3834451756387,104.9,2132.0
51.0952854,14.3946921,104.9,820.0
49.6841137,8.7309041,105.0,32800.0
49.3613807,7.1928872,105.0,8200.0
47.6392072,10.0768742,105.0,82000.0
49.0407283,12.1771417,105.0,41000.0
51.7703723,8.7137798,105.0,492.0
51.6690826,7.8147637,105.0,328.0
52.7955816,11.3870503,105.0,1640.0
51.4456829,6.9916551,105.0,164.0
50.5566274,6.23621810669486,105.0,82.0
51.2553021,3.2920911130762,105.0,1640.0
50.7469606,13.0695613,105.0,328.0
52.8455492,13.2461296,105.0,4920.0
49.4317799,7.7142975,105.1,3280.0
50.3978436,8.0386225,105.1,524.8
47.4489135,7.51876,105.1,16400.0
53.3978521,9.8600688,105.1,32800.0
49.9396669,6.5319873,105.1,1640.0
49.4049756,7.7283747,105.1,328.0
51.52120875,6.57345225060968,105.1,820.0
49.4389622,6.61634204011046,105.1,164.0
49.9107433,12.1845209,105.1,820.0
48.7913507,9.9363623,105.1,524.8
50.5590505,11.8040013,105.1,328.0
50.0083449,8.2844378,105.2,1640.0
48.8015045,8.6355573,105.2,32800.0
51.0382067,13.8314672,105.2,164000.0
51.0322234,7.3806927,105.2,6560.0
48.2242434,11.6715263,105.2,18040.0
53.2110052,14.2085984,105.2,10332.0
52.0350576,11.6616226,105.2,2460.0
51.2641978,10.5270994,105.2,492.0
53.20509275,7.45946396249222,105.2,164.0
47.4449303,11.2632808,105.2,82.0
54.1948456,9.0929015,105.2,82.0
52.1912143,9.0779862,105.2,164.0
53.6288297,11.4148038,105.3,164000.0
47.76003615,8.8385568830607,105.3,492.0
53.5942039,7.2067435,105.3,410.0
51.9523894,9.8078743,105.3,1640.0
50.8194269,12.9140384,105.4,164000.0
50.2256033,8.6738839,105.4,6560.0
50.299603,8.2673122,105.4,328.0
49.40282065,8.73057646230106,105.4,82.0
53.9394279,14.1881469,105.4,4100.0
49.40282065,8.73057646230106,105.4,82.0
51.8344172,10.7862526,105.4,820.0
47.6281754,8.2408579,105.4,164.0
51.49662485,7.47658955855034,105.4,82.0
49.035279,11.4733811,105.4,164.0
47.4126177,10.2896726,105.4,82.0
47.5858442,11.102169,105.4,164.0
54.3789509,12.419192,105.4,524.8
51.9063058,8.81941575523258,105.5,164000.0
50.5709659,8.5082465,105.5,524.8
52.52082275,13.409420934251,105.5,8200.0
48.6728826,12.6941291,105.5,524.8
54.1127844,13.0429152,105.5,820.0
49.457984,11.8726002,105.5,103320.0
-6.333333,-80.0,105.5,164.0
48.35941895,10.8858310920168,105.5,164.0
53.8371714,9.9614889,105.5,164.0
47.6307002,13.0417664,105.5,164.0
49.6252945,7.9146758,105.6,98400.0
50.7592809,11.2280402,105.6,98400.0
54.7280775,9.4952344,105.6,32800.0
53.3789803,10.5513889,105.6,1640.0
50.7523545,9.268355,105.6,164.0
54.1149634,12.1481031,105.6,328.0
48.7557588,9.1901672,105.7,131200.0
53.0495213,8.4497212,105.7,164000.0
49.3559425,11.1441047,105.7,164000.0
52.0350576,11.6616226,105.7,24600.0
51.5155043,6.3186241,105.7,820.0
50.9948584,9.7269936,105.7,524.8
51.1096147,8.6201021,105.7,164.0
53.486634,13.60925,105.8,164000.0
49.750033,6.6601188,105.8,164.0
50.88221815,12.0506835032063,105.8,1640.0
49.3021387,10.5721468,105.8,164.0
51.5051574,10.7925317,105.8,164.0
49.69068,11.1009157,105.8,82.0
53.6736529,10.2358999,105.8,820.0
52.0541312,9.9045818,105.8,1640.0
51.2921056,13.1141005858108,105.9,49200.0
48.3825958,9.8984907,105.9,8200.0
48.8574209,8.2088088,105.9,164.0
49.4509736,12.1790102,105.9,524.8
47.9576494,8.3796518,105.9,820.0
47.4489135,7.51876,106.0,13776.0
51.49662485,7.47658955855034,106.0,5248.0
49.47880605,10.3880885825382,106.0,623.2
53.4767351,9.7003941,106.0,1640.0
52.52082275,13.409420934251,106.0,1640.0
49.4833163,9.7571787,106.0,164.0
48.152849,8.6711333,106.0,82.0
51.355148,8.4893388,106.1,16400.0
53.2110052,14.2085984,106.1,103320.0
53.0833678,11.0732294,106.1,41000.0
49.40282065,8.73057646230106,106.1,1640.0
48.9457346,11.4361469,106.1,16400.0
49.7861037,7.4584035,106.1,164.0
49.4903857,6.5941798,106.1,164.0
48.8425793,9.3305129,106.1,164.0
50.8349097,10.9461479,106.1,820.0
51.0382067,13.8314672,106.1,820.0
49.9960377,11.078999,106.1,164.0
51.7375493,6.2941947,106.1,65.6
51.2394975,13.6611979,106.1,820.0
52.6853718,7.6014199,106.1,9840.0
52.1405622,12.5865873,106.2,164000.0
49.4835543,6.37443742080403,106.2,8200.0
49.9530436,7.1233159,106.2,328.0
53.5218143,8.64920230605346,106.2,8200.0
49.5978157,11.0038064,106.2,328.0
49.5978157,11.0038064,106.2,328.0
51.4887059,6.8354909,106.2,164.0
53.9070019,13.0327836,106.2,820.0
47.7345915,11.8620286,106.2,164.0
51.270139,14.0948628,106.2,328.0
49.1052677,6.4793632,106.3,328.0
50.6504841,7.9523942,106.3,41000.0
48.6057023,8.2021233,106.3,131200.0
51.5714513,14.3804302,106.3,6560.0
53.6288297,11.4148038,106.3,3280.0
49.4513351,10.3229575,106.3,328.0
50.8006617,12.9572792,106.3,820.0
54.3096314,13.0820846,106.3,820.0
49.6079336,7.8740598,106.3,164.0
54.4387302,12.6821366,106.3,328.0
53.3670541,7.2058304,106.3,410.0
50.348906,11.3109281,106.3,32.8
51.2435492,11.1987269,106.4,41000.0
50.7702908,6.2295504,106.4,32800.0
49.6819278,7.327415,106.4,1640.0
49.750033,6.6601188,106.4,164.0
50.311883,12.3292151,106.4,820.0
50.8959142,14.8064417,106.4,328.0
51.8828423,8.2434589,106.4,16.4
51.3038241,13.308828,106.4,3280.0
48.3101291,12.4467928,106.4,492.0
51.2553021,3.2920911130762,106.4,820.0
54.9059163,8.3130412,106.4,16.4
47.4735616,15.7452097,106.4,410.0
51.1929899,12.2861919,106.5,49200.0
49.8260569,7.8328204,106.5,82.0
51.1096147,8.6201021,106.5,820.0
50.9747134,10.3193565,106.5,820.0
53.2039515,8.2453397,106.5,1640.0
49.5700371,8.1335199,106.5,82.0
49.1178886,8.6101749,106.5,164.0
-37.7382431,145.0433922,106.5,656.0
49.4410965,6.6336693,106.5,82.0
52.39305745,9.79970848359439,106.5,492.0
54.1149634,12.1481031,106.5,1033.2
54.8233691,9.4241777,106.5,164.0
48.6615456,9.4569029,106.5,246.0
51.0952854,14.3946921,106.5,1640.0
48.7503918,7.1965445,106.6,82000.0
53.1492896,12.1761903,106.6,164000.0
51.9944958,8.9326027,106.6,1640.0
47.9011909,8.1841608,106.6,410.0
51.131196,9.2748504,106.6,164.0
51.186867,10.0575056,106.6,164.0
48.5549274,12.1080947,106.6,1640.0
53.8620244,8.7070803256857,106.6,1033.2
50.9591106,11.3456962,106.6,3280.0
50.5788781,13.0106108,106.6,1640.0
52.9931879,7.6316442,106.6,16.4
51.477438,9.1521973,106.6,328.0
42.1011456,1.8454758,106.6,787.2
49.2847015,8.1284424,106.7,41000.0
48.746807,6.8605468,106.7,114800.0
47.5858442,11.102169,106.7,3280.0
48.35941895,10.8858310920168,106.7,492.0
52.7848305,9.91166497661562,106.7,262.4
47.6737001,12.0148837,106.7,164.0
51.8932698,11.4448035,106.7,820.0
53.604959,10.154598,106.8,65600.0
52.5064317,13.2285653,106.8,3280.0
52.0995198,8.3022963,106.8,656.0
51.5051574,10.7925317,106.8,164.0
54.095791,13.3815238,106.8,262.4
52.1395525,9.3788716,106.8,32.8
49.1052677,6.4793632,106.9,524.8
51.1929899,12.2861919,106.9,164000.0
48.8170156,13.2167342,106.9,164000.0
52.2304192,10.475462543086,106.9,21320.0
50.8681341,9.7068481,106.9,524.8
52.5417141,7.351461,106.9,820.0
53.4592,7.45669,106.9,1640.0
48.8012983,9.0150026,106.9,164.0
51.4997017,9.37991353182096,106.9,524.8
49.9060908,8.584137,107.0,8200.0
51.355148,8.4893388,107.0,16400.0
47.6026258,8.4072782,107.0,8200.0
48.9024242,8.7167771,107.0,1640.0
51.016265,13.6530329,107.0,328.0
48.0167693,7.8022723,107.0,164.0
54.51851,9.5653284,107.0,820.0
51.0536982,14.4320019,107.0,328.0
54.6201582,9.3777139,107.0,8200.0
49.8311572,7.0854579,107.1,41000.0
53.1034842,8.7865535,107.1,164000.0
48.8362705,10.0931765,107.1,32800.0
47.023994,12.8352658,107.1,49200.0
47.8414754,12.6554368,107.1,8200.0
49.2942599,8.698707,107.1,164.0
51.8346801,12.2468705,107.1,492.0
50.8959142,14.8064417,107.1,820.0
53.9394279,14.1881469,107.1,820.0
51.4729797,11.2981851,107.1,164.0
50.078372,9.10975,107.1,164.0
52.4009309,13.0591397,107.1,1312.0
50.9402672,8.2150383,107.2,24600.0
49.1368254,7.5933537,107.2,8200.0
50.0083449,8.2844378,107.2,656.0
51.8932698,11.4448035,107.2,3936.0
49.2553,8.87722,107.2,164.0
51.4007175,7.1862486,107.2,164.0
51.9532449,7.9912335,107.2,1640.0
47.796887,9.6276253,107.2,164.0
49.68239005,9.03407290222418,107.2,164.0
48.305149,8.9932961,107.3,41000.0
53.6288297,11.4148038,107.3,164000.0
53.2110052,14.2085984,107.3,32800.0
49.3142508,10.6386225,107.3,1640.0
49.1178886,8.6101749,107.3,164.0
51.4960475,7.8696034,107.3,328.0
50.88221815,12.0506835032063,107.3,820.0
47.8803788,10.622246,107.3,164.0
49.2071077,12.03996,107.3,164.0
50.8608138,12.7545462,107.3,164.0
50.2406477,7.5141558,107.4,65600.0
48.3488073,7.8570157,107.4,8200.0
53.8371714,9.9614889,107.4,26240.0
51.2807307,7.1262806,107.4,1640.0
51.9458943,7.1691108,107.4,1640.0
51.2383379,12.7287511,107.4,3280.0
49.2942599,8.698707,107.4,164.0
51.2816524,8.8982774,107.4,328.0
48.8754571,9.3978478,107.4,164.0
53.8560526,13.688091,107.4,1640.0
48.5781957,9.6802909,107.4,164.0
52.39305745,9.79970848359439,107.4,246.0
51.5051574,10.7925317,107.4,328.0
48.7546033,11.8492455,107.4,164.0
47.7345915,11.8620286,107.4,164.0
53.7408705,7.48591690727758,107.4,52480.0
52.0906649,9.0947816,107.4,1640.0
48.3862619,9.9625658,107.4,131.2
54.18004525,7.8853621011807,107.4,82.0
52.52082275,13.409420934251,107.5,65600.0
50.8839999,8.0378628,107.5,820.0
51.7994116,8.2022106,107.5,1640.0
50.9806294,6.2676208,107.5,164.0
50.9852411,12.4340988,107.5,820.0
48.9900921,12.0666402,107.5,524.8
49.7016019,8.6132493,107.5,328.0
53.5278793,8.106301,107.5,656.0
51.2737192,8.0493641,107.6,41000.0
50.7592809,11.2280402,107.6,98400.0
50.6615942,7.1908362,107.6,410.0
51.2611136,7.9596971,107.6,820.0
47.9782421,8.8124102,107.6,164.0
51.0314466,6.9776266,107.6,164.0
53.1034842,8.7865535,107.6,328.0
52.1034189,9.3576589,107.6,82.0
46.6071072,12.8824472,107.6,82.0
52.925137,7.6456353,107.6,16.4
51.0251394,9.0206637,107.7,32800.0
47.747151,12.2487348,107.7,82000.0
48.7636186,9.2057579,107.7,6560.0
53.808132,8.899715,107.7,32800.0
49.54952325,8.68528865390589,107.7,164.0
47.9816628,7.8958597,107.7,820.0
50.7407066,12.8570618,107.7,3280.0
50.7407066,12.8570618,107.7,3280.0
51.3465581,7.4945825,107.7,328.0
51.48592,8.3370701,107.7,328.0
49.6354494,11.7906679,107.7,410.0
52.24559115,8.87847510719655,107.7,164.0
51.904646,12.5803907,107.7,820.0
53.4752247,10.2052735,107.7,164.0
51.7991251,10.6156365,107.8,16400.0
50.7702908,6.2295504,107.8,656.0
51.12904155,7.90779193537923,107.8,328.0
49.3295535,11.0195132,107.8,524.8
47.5813782,10.5579673,107.8,82.0
50.8795434,10.5519023,107.9,32800.0
53.0072783,13.1588685,107.9,8200.0
48.0529805,8.2163467,107.9,1640.0
47.7013731,7.0684157,107.9,164.0
49.3521085,9.1460205,107.9,164.0
53.5218143,8.64920230605346,107.9,524.8
51.1847707,7.2119644,107.9,164.0
48.7151154,11.4210841,107.9,164.0
48.8170156,13.2167342,107.9,328.0
49.3838513,6.8581984,107.9,164.0
49.457984,11.8726002,107.9,147.6
48.0514973,10.8737728,107.9,82.0
53.9070019,13.0327836,107.9,328.0
47.5858442,11.102169,107.9,164.0
50.5087816,12.400153,107.9,164.0
52.7873874,13.3834451756387,107.9,8200.0
48.7526525,8.2022485,107.9,164.0
50.4258722,11.6088156,107.9,3280.0
